CountryName,RegionName,PrescriptionIndex,PredictedDailyNewCases,Stringency,PrescriptorName
Afghanistan,,0,275.70057093589537,0.0,V4C
Afghanistan,,1,235.01406596307544,1.22,V4C
Afghanistan,,2,225.15036529437526,1.92,V4C
Afghanistan,,3,207.82173475824766,2.88,V4C
Afghanistan,,4,193.41962582866458,4.589999999999999,V4C
Afghanistan,,5,193.41962582866458,4.589999999999999,V4C
Afghanistan,,6,183.61439068933592,6.17,V4C
Afghanistan,,7,172.04172687930864,7.88,V4C
Afghanistan,,8,154.8923270067264,15.049999999999999,V4C
Afghanistan,,9,152.80956073274328,17.93,V4C
Albania,,0,3084.836697745862,0.0,V4C
Albania,,1,3084.836697745862,0.0,V4C
Albania,,2,2878.458371472755,0.14,V4C
Albania,,3,2878.458371472755,0.14,V4C
Albania,,4,2702.0193092469194,0.28,V4C
Albania,,5,2702.0193092469194,0.28,V4C
Albania,,6,2549.706606778548,0.42000000000000004,V4C
Albania,,7,2549.706606778548,0.42000000000000004,V4C
Albania,,8,2487.9009854605383,0.6200000000000001,V4C
Albania,,9,2487.9009854605383,0.6200000000000001,V4C
Algeria,,0,1321.2543567337,0.0,V4C
Algeria,,1,1217.4035252120414,0.06,V4C
Algeria,,2,1217.4035252120414,0.06,V4C
Algeria,,3,1130.2482402848923,0.12,V4C
Algeria,,4,1130.2482402848923,0.12,V4C
Algeria,,5,1056.2118832987355,0.18,V4C
Algeria,,6,1056.2118832987355,0.18,V4C
Algeria,,7,826.5242668186718,1.6700000000000002,V4C
Algeria,,8,826.5242668186718,1.6700000000000002,V4C
Algeria,,9,757.4168567725563,10.85,V4C
Andorra,,0,40.0441212969144,0.0,V4C
Andorra,,1,40.0441212969144,0.0,V4C
Andorra,,2,38.0569366641209,0.33,V4C
Andorra,,3,38.0569366641209,0.33,V4C
Andorra,,4,36.34307113185758,0.66,V4C
Andorra,,5,36.34307113185758,0.66,V4C
Andorra,,6,34.85083067587572,0.99,V4C
Andorra,,7,34.85083067587572,0.99,V4C
Andorra,,8,32.30688159613656,4.2700000000000005,V4C
Andorra,,9,32.30688159613656,4.2700000000000005,V4C
Angola,,0,242.7623012689906,0.0,V4C
Angola,,1,242.7623012689906,0.0,V4C
Angola,,2,187.01063130193626,1.53,V4C
Angola,,3,187.01063130193626,1.53,V4C
Angola,,4,177.30894780942808,3.2399999999999998,V4C
Angola,,5,177.30894780942808,3.2399999999999998,V4C
Angola,,6,143.32841379967002,8.47,V4C
Angola,,7,143.32841379967002,8.47,V4C
Angola,,8,140.92187485702564,9.99,V4C
Angola,,9,140.92187485702564,9.99,V4C
Argentina,,0,19900.05460868875,0.0,V4C
Argentina,,1,19900.05460868875,0.0,V4C
Argentina,,2,16658.681223490003,4.11,V4C
Argentina,,3,16658.681223490003,4.11,V4C
Argentina,,4,16262.551893316151,5.07,V4C
Argentina,,5,16262.551893316151,5.07,V4C
Argentina,,6,13606.143339027009,10.35,V4C
Argentina,,7,13606.143339027009,10.35,V4C
Argentina,,8,12156.120546917442,15.3,V4C
Argentina,,9,12156.120546917442,15.3,V4C
Aruba,,0,54.293786153401754,0.0,V4C
Aruba,,1,54.293786153401754,0.0,V4C
Aruba,,2,54.293786153401754,0.0,V4C
Aruba,,3,45.516039131079076,1.26,V4C
Aruba,,4,45.516039131079076,1.26,V4C
Aruba,,5,45.516039131079076,1.26,V4C
Aruba,,6,45.516039131079076,1.26,V4C
Aruba,,7,34.241120789291834,15.170000000000002,V4C
Aruba,,8,34.241120789291834,15.170000000000002,V4C
Aruba,,9,34.241120789291834,15.170000000000002,V4C
Australia,,0,22.92755647432072,0.0,V4C
Australia,,1,22.92755647432072,0.0,V4C
Australia,,2,15.437282932890458,3.9299999999999997,V4C
Australia,,3,15.437282932890458,3.9299999999999997,V4C
Australia,,4,15.437282932890458,3.9299999999999997,V4C
Australia,,5,12.556033625692248,15.269999999999998,V4C
Australia,,6,12.556033625692248,15.269999999999998,V4C
Australia,,7,12.556033625692248,15.269999999999998,V4C
Australia,,8,12.242066068445919,20.87,V4C
Australia,,9,12.242066068445919,20.87,V4C
Austria,,0,3188.0947265835352,0.0,V4C
Austria,,1,2935.390221799313,0.11,V4C
Austria,,2,2719.7360615523307,0.22,V4C
Austria,,3,2533.595021397108,0.33,V4C
Austria,,4,2395.019599084651,0.63,V4C
Austria,,5,2395.019599084651,0.63,V4C
Austria,,6,2274.7518705485704,0.9299999999999999,V4C
Austria,,7,2169.468415866661,1.23,V4C
Austria,,8,1990.3945715043371,5.01,V4C
Austria,,9,1963.8109228781134,6.01,V4C
Azerbaijan,,0,483.67162779840993,0.0,V4C
Azerbaijan,,1,407.98561109548757,1.0,V4C
Azerbaijan,,2,407.98561109548757,1.0,V4C
Azerbaijan,,3,385.1229867461542,1.6800000000000002,V4C
Azerbaijan,,4,371.2048946991673,2.2800000000000002,V4C
Azerbaijan,,5,371.2048946991673,2.2800000000000002,V4C
Azerbaijan,,6,412.3362640472298,2.3899999999999997,V4C
Azerbaijan,,7,351.4383485982823,4.43,V4C
Azerbaijan,,8,351.4383485982823,4.43,V4C
Azerbaijan,,9,289.1089837301435,9.04,V4C
Bahamas,,0,44.67133044509712,0.0,V4C
Bahamas,,1,44.67133044509712,0.0,V4C
Bahamas,,2,40.735314874620364,0.17,V4C
Bahamas,,3,40.735314874620364,0.17,V4C
Bahamas,,4,37.40569125868607,0.34,V4C
Bahamas,,5,37.40569125868607,0.34,V4C
Bahamas,,6,34.55485573779998,0.51,V4C
Bahamas,,7,34.55485573779998,0.51,V4C
Bahamas,,8,29.04460339089896,2.25,V4C
Bahamas,,9,29.04460339089896,2.25,V4C
Bahrain,,0,1214.3870627636563,0.0,V4C
Bahrain,,1,1214.3870627636563,0.0,V4C
Bahrain,,2,1214.3870627636563,0.0,V4C
Bahrain,,3,1100.9917223992804,1.55,V4C
Bahrain,,4,1100.9917223992804,1.55,V4C
Bahrain,,5,1100.9917223992804,1.55,V4C
Bahrain,,6,1100.9917223992804,1.55,V4C
Bahrain,,7,709.1580402639847,24.03,V4C
Bahrain,,8,709.1580402639847,24.03,V4C
Bahrain,,9,709.1580402639847,24.03,V4C
Bangladesh,,0,2040.2480495445227,0.0,V4C
Bangladesh,,1,1857.431595865313,0.88,V4C
Bangladesh,,2,1703.1519125296295,1.76,V4C
Bangladesh,,3,1703.1519125296295,1.76,V4C
Bangladesh,,4,1571.3224562273815,2.64,V4C
Bangladesh,,5,1474.0170866401938,3.5800000000000005,V4C
Bangladesh,,6,1390.1702169892844,4.52,V4C
Bangladesh,,7,1390.1702169892844,4.52,V4C
Bangladesh,,8,1317.2382886873736,5.46,V4C
Bangladesh,,9,1234.0176996278947,9.69,V4C
Barbados,,0,112.50464084008983,0.0,V4C
Barbados,,1,112.50464084008983,0.0,V4C
Barbados,,2,60.99360078807344,16.24,V4C
Barbados,,3,60.99360078807344,16.24,V4C
Barbados,,4,60.99360078807344,16.24,V4C
Barbados,,5,59.934314872616504,23.56,V4C
Barbados,,6,59.934314872616504,23.56,V4C
Barbados,,7,59.934314872616504,23.56,V4C
Barbados,,8,57.946440304186915,29.54,V4C
Barbados,,9,57.946440304186915,29.54,V4C
Belarus,,0,4718.6007192995285,0.0,V4C
Belarus,,1,4387.184193731265,0.29,V4C
Belarus,,2,4387.184193731265,0.29,V4C
Belarus,,3,4106.199304052668,0.58,V4C
Belarus,,4,3865.36421444624,0.8699999999999999,V4C
Belarus,,5,3865.36421444624,0.8699999999999999,V4C
Belarus,,6,3797.056216741051,1.25,V4C
Belarus,,7,3737.5357025812687,1.6300000000000001,V4C
Belarus,,8,3737.5357025812687,1.6300000000000001,V4C
Belarus,,9,3685.38115089119,2.01,V4C
Belgium,,0,5180.028934996261,0.0,V4C
Belgium,,1,5180.028934996261,0.0,V4C
Belgium,,2,5063.030736873332,0.05,V4C
Belgium,,3,5063.030736873332,0.05,V4C
Belgium,,4,4961.7577876741125,0.1,V4C
Belgium,,5,4961.7577876741125,0.1,V4C
Belgium,,6,4873.573456017429,0.15000000000000005,V4C
Belgium,,7,4873.573456017429,0.15000000000000005,V4C
Belgium,,8,3246.9140680806186,15.84,V4C
Belgium,,9,3246.9140680806186,15.84,V4C
Belize,,0,62.82503545938926,0.0,V4C
Belize,,1,62.82503545938926,0.0,V4C
Belize,,2,51.21872185235089,2.31,V4C
Belize,,3,51.21872185235089,2.31,V4C
Belize,,4,41.82662174905696,6.99,V4C
Belize,,5,41.82662174905696,6.99,V4C
Belize,,6,40.995081799819744,8.13,V4C
Belize,,7,40.995081799819744,8.13,V4C
Belize,,8,39.6149464341792,11.700000000000001,V4C
Belize,,9,39.6149464341792,11.700000000000001,V4C
Benin,,0,542.9643628609716,0.0,V4C
Benin,,1,344.6521486206749,5.3999999999999995,V4C
Benin,,2,344.6521486206749,5.3999999999999995,V4C
Benin,,3,325.6738245631192,6.38,V4C
Benin,,4,325.6738245631192,6.38,V4C
Benin,,5,291.93334559605285,11.89,V4C
Benin,,6,291.93334559605285,11.89,V4C
Benin,,7,274.93630957366526,19.689999999999998,V4C
Benin,,8,274.93630957366526,19.689999999999998,V4C
Benin,,9,263.4936031121385,27.349999999999998,V4C
Bermuda,,0,2.880952166869481,0.0,V4C
Bermuda,,1,2.880952166869481,0.0,V4C
Bermuda,,2,2.880952166869481,0.0,V4C
Bermuda,,3,2.880952166869481,0.0,V4C
Bermuda,,4,2.880952166869481,0.0,V4C
Bermuda,,5,2.68306002393913,1.35,V4C
Bermuda,,6,2.68306002393913,1.35,V4C
Bermuda,,7,2.68306002393913,1.35,V4C
Bermuda,,8,2.68306002393913,1.35,V4C
Bermuda,,9,2.68306002393913,1.35,V4C
Bhutan,,0,1.6379669287069374,0.0,V4C
Bhutan,,1,1.6379669287069374,0.0,V4C
Bhutan,,2,1.6379669287069374,0.0,V4C
Bhutan,,3,1.6379669287069374,0.0,V4C
Bhutan,,4,1.6379669287069374,0.0,V4C
Bhutan,,5,1.3833797641072636,1.27,V4C
Bhutan,,6,1.3833797641072636,1.27,V4C
Bhutan,,7,1.3833797641072636,1.27,V4C
Bhutan,,8,1.3833797641072636,1.27,V4C
Bhutan,,9,1.3833797641072636,1.27,V4C
Bolivia,,0,9020.931792956477,0.0,V4C
Bolivia,,1,9020.931792956477,0.0,V4C
Bolivia,,2,6776.252447950889,2.77,V4C
Bolivia,,3,6776.252447950889,2.77,V4C
Bolivia,,4,6776.252447950889,2.77,V4C
Bolivia,,5,5273.927449209824,14.66,V4C
Bolivia,,6,5273.927449209824,14.66,V4C
Bolivia,,7,5273.927449209824,14.66,V4C
Bolivia,,8,4907.447894561447,25.759999999999998,V4C
Bolivia,,9,4907.447894561447,25.759999999999998,V4C
Bosnia and Herzegovina,,0,910.2048617006739,0.0,V4C
Bosnia and Herzegovina,,1,910.2048617006739,0.0,V4C
Bosnia and Herzegovina,,2,715.3757435940535,3.4499999999999997,V4C
Bosnia and Herzegovina,,3,715.3757435940535,3.4499999999999997,V4C
Bosnia and Herzegovina,,4,638.8743353917014,4.89,V4C
Bosnia and Herzegovina,,5,638.8743353917014,4.89,V4C
Bosnia and Herzegovina,,6,607.8637608450001,5.609999999999999,V4C
Bosnia and Herzegovina,,7,607.8637608450001,5.609999999999999,V4C
Bosnia and Herzegovina,,8,569.1286185463141,9.69,V4C
Bosnia and Herzegovina,,9,569.1286185463141,9.69,V4C
Botswana,,0,1006.1584028691894,0.0,V4C
Botswana,,1,968.7665503433516,0.08,V4C
Botswana,,2,888.9132816665094,0.89,V4C
Botswana,,3,888.9132816665094,0.89,V4C
Botswana,,4,820.5832713243705,1.7000000000000004,V4C
Botswana,,5,718.3479325930778,3.22,V4C
Botswana,,6,688.4541767757988,3.89,V4C
Botswana,,7,688.4541767757988,3.89,V4C
Botswana,,8,647.8845950013848,4.640000000000001,V4C
Botswana,,9,610.2226601085325,11.39,V4C
Brazil,,0,126587.10495952526,0.0,V4C
Brazil,,1,101031.156367231,3.3600000000000003,V4C
Brazil,,2,101031.156367231,3.3600000000000003,V4C
Brazil,,3,95582.57739115499,4.3100000000000005,V4C
Brazil,,4,95582.57739115499,4.3100000000000005,V4C
Brazil,,5,90843.18567800653,5.26,V4C
Brazil,,6,90843.18567800653,5.26,V4C
Brazil,,7,86686.06025675716,6.21,V4C
Brazil,,8,86686.06025675716,6.21,V4C
Brazil,,9,81901.36497237653,10.59,V4C
Brunei,,0,19.599157125233624,0.0,V4C
Brunei,,1,19.599157125233624,0.0,V4C
Brunei,,2,19.599157125233624,0.0,V4C
Brunei,,3,19.599157125233624,0.0,V4C
Brunei,,4,19.599157125233624,0.0,V4C
Brunei,,5,17.27026875083879,3.7300000000000004,V4C
Brunei,,6,17.27026875083879,3.7300000000000004,V4C
Brunei,,7,17.27026875083879,3.7300000000000004,V4C
Brunei,,8,17.27026875083879,3.7300000000000004,V4C
Brunei,,9,17.27026875083879,3.7300000000000004,V4C
Bulgaria,,0,2087.477928770381,0.0,V4C
Bulgaria,,1,2087.477928770381,0.0,V4C
Bulgaria,,2,1635.487206141457,0.75,V4C
Bulgaria,,3,1635.487206141457,0.75,V4C
Bulgaria,,4,1529.039892482269,1.9200000000000002,V4C
Bulgaria,,5,1529.039892482269,1.9200000000000002,V4C
Bulgaria,,6,1425.9600901853953,2.5800000000000005,V4C
Bulgaria,,7,1425.9600901853953,2.5800000000000005,V4C
Bulgaria,,8,1143.498573520356,16.889999999999997,V4C
Bulgaria,,9,1143.498573520356,16.889999999999997,V4C
Burkina Faso,,0,428.3801234302204,0.0,V4C
Burkina Faso,,1,384.79131407322944,0.33999999999999997,V4C
Burkina Faso,,2,384.79131407322944,0.33999999999999997,V4C
Burkina Faso,,3,358.37658625086834,0.64,V4C
Burkina Faso,,4,335.8504634869799,0.9400000000000001,V4C
Burkina Faso,,5,335.8504634869799,0.9400000000000001,V4C
Burkina Faso,,6,320.7659845648996,1.58,V4C
Burkina Faso,,7,294.88031129023324,4.54,V4C
Burkina Faso,,8,294.88031129023324,4.54,V4C
Burkina Faso,,9,307.35553699027105,4.97,V4C
Burundi,,0,97.58958101430915,0.0,V4C
Burundi,,1,87.77408010474291,0.8700000000000001,V4C
Burundi,,2,87.77408010474291,0.8700000000000001,V4C
Burundi,,3,81.82352363470609,1.55,V4C
Burundi,,4,76.74675482221927,2.23,V4C
Burundi,,5,76.74675482221927,2.23,V4C
Burundi,,6,72.56798799450276,3.6699999999999995,V4C
Burundi,,7,67.50881165774105,5.3,V4C
Burundi,,8,67.50881165774105,5.3,V4C
Burundi,,9,58.032696303362464,11.959999999999999,V4C
Cambodia,,0,4.212716017080456,0.0,V4C
Cambodia,,1,4.212716017080456,0.0,V4C
Cambodia,,2,4.212716017080456,0.0,V4C
Cambodia,,3,4.212716017080456,0.0,V4C
Cambodia,,4,4.212716017080456,0.0,V4C
Cambodia,,5,2.6285415593533794,4.680000000000001,V4C
Cambodia,,6,2.6285415593533794,4.680000000000001,V4C
Cambodia,,7,2.6285415593533794,4.680000000000001,V4C
Cambodia,,8,2.6285415593533794,4.680000000000001,V4C
Cambodia,,9,2.6285415593533794,4.680000000000001,V4C
Cameroon,,0,0.0,0.0,V4C
Cameroon,,1,0.0,0.0,V4C
Cameroon,,2,0.0,0.75,V4C
Cameroon,,3,0.0,0.75,V4C
Cameroon,,4,0.0,0.75,V4C
Cameroon,,5,0.0,1.65,V4C
Cameroon,,6,0.0,1.65,V4C
Cameroon,,7,0.0,1.65,V4C
Cameroon,,8,0.0,8.049999999999999,V4C
Cameroon,,9,0.0,8.049999999999999,V4C
Canada,,0,13428.386386274131,0.0,V4C
Canada,,1,13428.386386274131,0.0,V4C
Canada,,2,11361.50261159556,0.06,V4C
Canada,,3,11361.50261159556,0.06,V4C
Canada,,4,10543.587606910742,0.09,V4C
Canada,,5,10543.587606910742,0.09,V4C
Canada,,6,8950.427044925942,2.85,V4C
Canada,,7,8950.427044925942,2.85,V4C
Canada,,8,8280.850736728613,10.94,V4C
Canada,,9,8280.850736728613,10.94,V4C
Cape Verde,,0,298.1740759336837,0.0,V4C
Cape Verde,,1,298.1740759336837,0.0,V4C
Cape Verde,,2,250.69980448594612,1.4400000000000002,V4C
Cape Verde,,3,250.69980448594612,1.4400000000000002,V4C
Cape Verde,,4,206.27296860740034,3.6000000000000005,V4C
Cape Verde,,5,206.27296860740034,3.6000000000000005,V4C
Cape Verde,,6,192.0511087056516,4.53,V4C
Cape Verde,,7,192.0511087056516,4.53,V4C
Cape Verde,,8,181.4381834026939,5.8500000000000005,V4C
Cape Verde,,9,181.4381834026939,5.8500000000000005,V4C
Central African Republic,,0,3.429640258675935,0.0,V4C
Central African Republic,,1,3.429640258675935,0.0,V4C
Central African Republic,,2,3.429640258675935,0.0,V4C
Central African Republic,,3,3.429640258675935,0.0,V4C
Central African Republic,,4,3.429640258675935,0.0,V4C
Central African Republic,,5,3.429640258675935,0.0,V4C
Central African Republic,,6,3.429640258675935,0.0,V4C
Central African Republic,,7,3.429640258675935,0.0,V4C
Central African Republic,,8,3.429640258675935,0.0,V4C
Central African Republic,,9,3.429640258675935,0.0,V4C
Chad,,0,139.0255185476927,0.0,V4C
Chad,,1,139.0255185476927,0.0,V4C
Chad,,2,94.40882870664244,2.85,V4C
Chad,,3,94.40882870664244,2.85,V4C
Chad,,4,91.82736244419962,3.78,V4C
Chad,,5,91.82736244419962,3.78,V4C
Chad,,6,89.45979281050823,4.71,V4C
Chad,,7,89.45979281050823,4.71,V4C
Chad,,8,80.9740491507812,9.66,V4C
Chad,,9,80.9740491507812,9.66,V4C
Chile,,0,10844.834443771024,0.0,V4C
Chile,,1,10844.834443771024,0.0,V4C
Chile,,2,9066.878910725802,2.6900000000000004,V4C
Chile,,3,9066.878910725802,2.6900000000000004,V4C
Chile,,4,7533.783254190216,7.46,V4C
Chile,,5,7533.783254190216,7.46,V4C
Chile,,6,7265.814490083272,8.100000000000001,V4C
Chile,,7,7265.814490083272,8.100000000000001,V4C
Chile,,8,6684.595029034589,10.64,V4C
Chile,,9,6684.595029034589,10.64,V4C
China,,0,247.1384280201753,0.0,V4C
China,,1,225.62901498053185,0.09,V4C
China,,2,207.4484645605421,0.18,V4C
China,,3,191.8885045665766,0.27,V4C
China,,4,170.52775689782447,1.06,V4C
China,,5,170.52775689782447,1.06,V4C
China,,6,162.1632554228236,1.67,V4C
China,,7,154.7826000810065,2.2800000000000002,V4C
China,,8,169.93943355604117,2.4299999999999997,V4C
China,,9,148.37135744696778,4.26,V4C
Colombia,,0,23642.36117265577,0.0,V4C
Colombia,,1,23642.36117265577,0.0,V4C
Colombia,,2,21818.205034908697,0.7700000000000001,V4C
Colombia,,3,21818.205034908697,0.7700000000000001,V4C
Colombia,,4,20452.05239120411,2.599999999999999,V4C
Colombia,,5,20452.05239120411,2.599999999999999,V4C
Colombia,,6,16257.499666739048,4.470000000000001,V4C
Colombia,,7,16257.499666739048,4.470000000000001,V4C
Colombia,,8,15053.751049421322,7.07,V4C
Colombia,,9,15053.751049421322,7.07,V4C
Comoros,,0,321.7131395098828,0.0,V4C
Comoros,,1,309.5064726067626,0.34,V4C
Comoros,,2,231.02789841383682,3.3299999999999996,V4C
Comoros,,3,231.02789841383682,3.3299999999999996,V4C
Comoros,,4,228.10913142557166,3.4999999999999996,V4C
Comoros,,5,218.42558661520206,3.94,V4C
Comoros,,6,209.7245599017331,4.38,V4C
Comoros,,7,209.7245599017331,4.38,V4C
Comoros,,8,205.2930550140271,4.72,V4C
Comoros,,9,197.94357449420795,8.02,V4C
Congo,,0,178.03666926067726,0.0,V4C
Congo,,1,178.03666926067726,0.0,V4C
Congo,,2,134.29098376199542,1.6500000000000001,V4C
Congo,,3,134.29098376199542,1.6500000000000001,V4C
Congo,,4,126.72410515098818,3.45,V4C
Congo,,5,126.72410515098818,3.45,V4C
Congo,,6,95.36913977434041,13.600000000000003,V4C
Congo,,7,95.36913977434041,13.600000000000003,V4C
Congo,,8,93.96467295905963,16.82,V4C
Congo,,9,93.96467295905963,16.82,V4C
Costa Rica,,0,1350.8791291425043,0.0,V4C
Costa Rica,,1,1350.8791291425043,0.0,V4C
Costa Rica,,2,990.1255522485524,4.029999999999999,V4C
Costa Rica,,3,990.1255522485524,4.029999999999999,V4C
Costa Rica,,4,957.5254733873498,4.63,V4C
Costa Rica,,5,957.5254733873498,4.63,V4C
Costa Rica,,6,912.4227583681073,5.5200000000000005,V4C
Costa Rica,,7,912.4227583681073,5.5200000000000005,V4C
Costa Rica,,8,821.3027986568505,10.38,V4C
Costa Rica,,9,821.3027986568505,10.38,V4C
Cote d'Ivoire,,0,1243.9647401402763,0.0,V4C
Cote d'Ivoire,,1,952.2071774489185,1.1099999999999999,V4C
Cote d'Ivoire,,2,952.2071774489185,1.1099999999999999,V4C
Cote d'Ivoire,,3,891.7565512365951,1.6999999999999997,V4C
Cote d'Ivoire,,4,891.7565512365951,1.6999999999999997,V4C
Cote d'Ivoire,,5,839.7068243094711,2.29,V4C
Cote d'Ivoire,,6,839.7068243094711,2.29,V4C
Cote d'Ivoire,,7,794.4745663668989,2.88,V4C
Cote d'Ivoire,,8,794.4745663668989,2.88,V4C
Cote d'Ivoire,,9,763.2165556565698,5.339999999999999,V4C
Croatia,,0,951.4384944959833,0.0,V4C
Croatia,,1,951.4384944959833,0.0,V4C
Croatia,,2,698.472969980664,2.94,V4C
Croatia,,3,698.472969980664,2.94,V4C
Croatia,,4,698.472969980664,2.94,V4C
Croatia,,5,616.6918023356424,6.47,V4C
Croatia,,6,616.6918023356424,6.47,V4C
Croatia,,7,616.6918023356424,6.47,V4C
Croatia,,8,577.6522809230211,13.529999999999998,V4C
Croatia,,9,577.6522809230211,13.529999999999998,V4C
Cuba,,0,5572.615618262726,0.0,V4C
Cuba,,1,5572.615618262726,0.0,V4C
Cuba,,2,5143.0875662483795,0.04,V4C
Cuba,,3,5143.0875662483795,0.04,V4C
Cuba,,4,4780.429181521278,0.08,V4C
Cuba,,5,4780.429181521278,0.08,V4C
Cuba,,6,4470.807883858992,0.12,V4C
Cuba,,7,4470.807883858992,0.12,V4C
Cuba,,8,3263.7826325316855,9.14,V4C
Cuba,,9,3263.7826325316855,9.14,V4C
Cyprus,,0,336.15476261246835,0.0,V4C
Cyprus,,1,336.15476261246835,0.0,V4C
Cyprus,,2,242.4771073951798,5.950000000000001,V4C
Cyprus,,3,242.4771073951798,5.950000000000001,V4C
Cyprus,,4,242.4771073951798,5.950000000000001,V4C
Cyprus,,5,237.41117669433748,6.970000000000001,V4C
Cyprus,,6,237.41117669433748,6.970000000000001,V4C
Cyprus,,7,237.41117669433748,6.970000000000001,V4C
Cyprus,,8,207.73777155310034,10.750000000000002,V4C
Cyprus,,9,207.73777155310034,10.750000000000002,V4C
Czech Republic,,0,7554.038442894147,0.0,V4C
Czech Republic,,1,7554.038442894147,0.0,V4C
Czech Republic,,2,5727.432002320136,6.589999999999999,V4C
Czech Republic,,3,5727.432002320136,6.589999999999999,V4C
Czech Republic,,4,5727.432002320136,6.589999999999999,V4C
Czech Republic,,5,5257.041327796841,10.41,V4C
Czech Republic,,6,5257.041327796841,10.41,V4C
Czech Republic,,7,5257.041327796841,10.41,V4C
Czech Republic,,8,4857.3340293934625,21.27,V4C
Czech Republic,,9,4857.3340293934625,21.27,V4C
Democratic Republic of Congo,,0,631.7461576536085,0.0,V4C
Democratic Republic of Congo,,1,484.2573384201096,0.5700000000000001,V4C
Democratic Republic of Congo,,2,484.2573384201096,0.5700000000000001,V4C
Democratic Republic of Congo,,3,414.58494313862593,6.83,V4C
Democratic Republic of Congo,,4,414.58494313862593,6.83,V4C
Democratic Republic of Congo,,5,380.921417691767,7.3,V4C
Democratic Republic of Congo,,6,380.921417691767,7.3,V4C
Democratic Republic of Congo,,7,405.3715181843134,8.629999999999999,V4C
Democratic Republic of Congo,,8,405.3715181843134,8.629999999999999,V4C
Democratic Republic of Congo,,9,355.38513734978704,14.6,V4C
Denmark,,0,1196.4799271844242,0.0,V4C
Denmark,,1,1196.4799271844242,0.0,V4C
Denmark,,2,1113.571776850098,0.09,V4C
Denmark,,3,1113.571776850098,0.09,V4C
Denmark,,4,1043.4550608537631,0.18,V4C
Denmark,,5,1043.4550608537631,0.18,V4C
Denmark,,6,983.4792465696472,0.27,V4C
Denmark,,7,983.4792465696472,0.27,V4C
Denmark,,8,764.4229526084404,8.920000000000002,V4C
Denmark,,9,764.4229526084404,8.920000000000002,V4C
Djibouti,,0,7.531210754643456,0.0,V4C
Djibouti,,1,7.531210754643456,0.0,V4C
Djibouti,,2,5.802284067105509,0.36,V4C
Djibouti,,3,5.802284067105509,0.36,V4C
Djibouti,,4,5.802284067105509,0.36,V4C
Djibouti,,5,5.337521360351082,2.23,V4C
Djibouti,,6,5.337521360351082,2.23,V4C
Djibouti,,7,5.337521360351082,2.23,V4C
Djibouti,,8,4.319414856292903,11.39,V4C
Djibouti,,9,4.319414856292903,11.39,V4C
Dominica,,0,3.134810164742808,0.0,V4C
Dominica,,1,2.641787538330738,1.86,V4C
Dominica,,2,2.641787538330738,1.86,V4C
Dominica,,3,2.446157440454121,2.79,V4C
Dominica,,4,2.446157440454121,2.79,V4C
Dominica,,5,2.3038850208094948,3.5100000000000002,V4C
Dominica,,6,2.3038850208094948,3.5100000000000002,V4C
Dominica,,7,2.0169004134216624,6.13,V4C
Dominica,,8,2.0169004134216624,6.13,V4C
Dominica,,9,1.9792624090113373,7.05,V4C
Dominican Republic,,0,5283.162119615029,0.0,V4C
Dominican Republic,,1,4511.951723033598,1.2400000000000002,V4C
Dominican Republic,,2,4511.951723033598,1.2400000000000002,V4C
Dominican Republic,,3,3752.761404697626,4.45,V4C
Dominican Republic,,4,3752.761404697626,4.45,V4C
Dominican Republic,,5,3160.6004316986982,9.790000000000001,V4C
Dominican Republic,,6,3160.6004316986982,9.790000000000001,V4C
Dominican Republic,,7,3135.7774774708814,10.760000000000002,V4C
Dominican Republic,,8,3135.7774774708814,10.760000000000002,V4C
Dominican Republic,,9,3023.1709421877104,14.11,V4C
Ecuador,,0,6132.5003291253515,0.0,V4C
Ecuador,,1,5975.425343769567,0.23,V4C
Ecuador,,2,5975.425343769567,0.23,V4C
Ecuador,,3,5721.983351486937,0.6900000000000001,V4C
Ecuador,,4,5721.983351486937,0.6900000000000001,V4C
Ecuador,,5,3952.697439158491,3.7399999999999998,V4C
Ecuador,,6,3952.697439158491,3.7399999999999998,V4C
Ecuador,,7,3761.505326015601,4.8,V4C
Ecuador,,8,3761.505326015601,4.8,V4C
Ecuador,,9,3694.47558961214,5.86,V4C
Egypt,,0,2541.7894776483304,0.0,V4C
Egypt,,1,2541.7894776483304,0.0,V4C
Egypt,,2,2345.772108884277,0.5,V4C
Egypt,,3,2345.772108884277,0.5,V4C
Egypt,,4,2181.127109143579,1.0,V4C
Egypt,,5,2181.127109143579,1.0,V4C
Egypt,,6,2041.1596646198807,1.5,V4C
Egypt,,7,2041.1596646198807,1.5,V4C
Egypt,,8,1937.2531052259199,3.66,V4C
Egypt,,9,1937.2531052259199,3.66,V4C
El Salvador,,0,1031.7925072638357,0.0,V4C
El Salvador,,1,953.7156550717411,0.3,V4C
El Salvador,,2,953.7156550717411,0.3,V4C
El Salvador,,3,887.9895680531654,0.6,V4C
El Salvador,,4,887.9895680531654,0.6,V4C
El Salvador,,5,832.0046295202355,0.8999999999999998,V4C
El Salvador,,6,832.0046295202355,0.8999999999999998,V4C
El Salvador,,7,602.1243819358859,11.48,V4C
El Salvador,,8,602.1243819358859,11.48,V4C
El Salvador,,9,592.6734966286309,13.8,V4C
Eritrea,,0,285.4841118580097,0.0,V4C
Eritrea,,1,185.4596085353289,5.340000000000001,V4C
Eritrea,,2,185.4596085353289,5.340000000000001,V4C
Eritrea,,3,178.3258548653195,6.880000000000001,V4C
Eritrea,,4,182.63964740376545,8.16,V4C
Eritrea,,5,182.63964740376545,8.16,V4C
Eritrea,,6,169.1509047976528,8.700000000000001,V4C
Eritrea,,7,157.55116991358736,13.620000000000001,V4C
Eritrea,,8,157.55116991358736,13.620000000000001,V4C
Eritrea,,9,154.2242642061437,13.920000000000002,V4C
Estonia,,0,1334.9387874118263,0.0,V4C
Estonia,,1,1248.5847460310495,0.44,V4C
Estonia,,2,1248.5847460310495,0.44,V4C
Estonia,,3,1174.7162362735469,0.88,V4C
Estonia,,4,1174.7162362735469,0.88,V4C
Estonia,,5,1110.910246182561,1.32,V4C
Estonia,,6,1110.910246182561,1.32,V4C
Estonia,,7,823.1128295795066,15.189999999999998,V4C
Estonia,,8,823.1128295795066,15.189999999999998,V4C
Estonia,,9,779.995619107254,26.93,V4C
Eswatini,,0,624.1011671253194,0.0,V4C
Eswatini,,1,565.8036735059187,0.58,V4C
Eswatini,,2,530.0922441844849,1.06,V4C
Eswatini,,3,530.0922441844849,1.06,V4C
Eswatini,,4,499.4000239304616,1.5400000000000003,V4C
Eswatini,,5,473.9604791514262,2.599999999999999,V4C
Eswatini,,6,415.67087391660124,4.92,V4C
Eswatini,,7,415.67087391660124,4.92,V4C
Eswatini,,8,388.9294698500051,7.160000000000001,V4C
Eswatini,,9,356.0041085830781,18.580000000000002,V4C
Ethiopia,,0,3941.020703908078,0.0,V4C
Ethiopia,,1,3941.020703908078,0.0,V4C
Ethiopia,,2,3655.707071749424,1.26,V4C
Ethiopia,,3,3655.707071749424,1.26,V4C
Ethiopia,,4,3522.7581667283544,1.76,V4C
Ethiopia,,5,3522.7581667283544,1.76,V4C
Ethiopia,,6,2549.3263693333756,8.540000000000001,V4C
Ethiopia,,7,2549.3263693333756,8.540000000000001,V4C
Ethiopia,,8,2258.1832880404945,11.67,V4C
Ethiopia,,9,2258.1832880404945,11.67,V4C
Faeroe Islands,,0,1.1268454288628051,0.0,V4C
Faeroe Islands,,1,1.1268454288628051,0.0,V4C
Faeroe Islands,,2,1.1268454288628051,0.0,V4C
Faeroe Islands,,3,1.0497277986070388,0.12,V4C
Faeroe Islands,,4,1.0497277986070388,0.12,V4C
Faeroe Islands,,5,1.0497277986070388,0.12,V4C
Faeroe Islands,,6,1.0497277986070388,0.12,V4C
Faeroe Islands,,7,1.0137398233327968,1.1800000000000002,V4C
Faeroe Islands,,8,1.0137398233327968,1.1800000000000002,V4C
Faeroe Islands,,9,1.0137398233327968,1.1800000000000002,V4C
Fiji,,0,0.0,0.0,V4C
Fiji,,1,0.0,0.0,V4C
Fiji,,2,0.0,0.0,V4C
Fiji,,3,0.0,0.0,V4C
Fiji,,4,0.0,0.0,V4C
Fiji,,5,0.0,0.0,V4C
Fiji,,6,0.0,0.0,V4C
Fiji,,7,0.0,0.0,V4C
Fiji,,8,0.0,0.0,V4C
Fiji,,9,0.0,0.0,V4C
Finland,,0,2097.297755285638,0.0,V4C
Finland,,1,2097.297755285638,0.0,V4C
Finland,,2,1323.8310269123683,3.85,V4C
Finland,,3,1323.8310269123683,3.85,V4C
Finland,,4,1323.8310269123683,3.85,V4C
Finland,,5,1216.8461421476343,8.74,V4C
Finland,,6,1216.8461421476343,8.74,V4C
Finland,,7,1216.8461421476343,8.74,V4C
Finland,,8,1199.539354227451,10.42,V4C
Finland,,9,1199.539354227451,10.42,V4C
France,,0,48149.14982649787,0.0,V4C
France,,1,48149.14982649787,0.0,V4C
France,,2,45023.24206611108,0.05,V4C
France,,3,45023.24206611108,0.05,V4C
France,,4,42355.85249165598,0.1,V4C
France,,5,42355.85249165598,0.1,V4C
France,,6,40056.66282726453,0.15000000000000005,V4C
France,,7,40056.66282726453,0.15000000000000005,V4C
France,,8,36189.42617595878,2.68,V4C
France,,9,36189.42617595878,2.68,V4C
Gabon,,0,463.7870375213928,0.0,V4C
Gabon,,1,427.32322232338146,0.15,V4C
Gabon,,2,427.32322232338146,0.15,V4C
Gabon,,3,396.6553766124521,0.3,V4C
Gabon,,4,370.55865233747437,0.4499999999999999,V4C
Gabon,,5,370.55865233747437,0.4499999999999999,V4C
Gabon,,6,295.92301181625305,4.26,V4C
Gabon,,7,257.59563160407754,15.429999999999998,V4C
Gabon,,8,257.59563160407754,15.429999999999998,V4C
Gabon,,9,253.55771201149915,15.689999999999998,V4C
Gambia,,0,213.82831666027602,0.0,V4C
Gambia,,1,213.82831666027602,0.0,V4C
Gambia,,2,132.58602095349417,11.069999999999999,V4C
Gambia,,3,132.58602095349417,11.069999999999999,V4C
Gambia,,4,132.58602095349417,11.069999999999999,V4C
Gambia,,5,129.9127987800356,12.45,V4C
Gambia,,6,129.9127987800356,12.45,V4C
Gambia,,7,129.9127987800356,12.45,V4C
Gambia,,8,108.98477000253726,21.96,V4C
Gambia,,9,108.98477000253726,21.96,V4C
Georgia,,0,927.878434721916,0.0,V4C
Georgia,,1,750.4712631849181,1.1400000000000001,V4C
Georgia,,2,750.4712631849181,1.1400000000000001,V4C
Georgia,,3,671.268691742435,4.48,V4C
Georgia,,4,660.426060342406,5.54,V4C
Georgia,,5,660.426060342406,5.54,V4C
Georgia,,6,663.7442969782645,6.43,V4C
Georgia,,7,627.3607412186063,7.74,V4C
Georgia,,8,627.3607412186063,7.74,V4C
Georgia,,9,583.4395046914493,12.070000000000002,V4C
Germany,,0,32216.22507801664,0.0,V4C
Germany,,1,32216.22507801664,0.0,V4C
Germany,,2,29953.55094145549,0.08,V4C
Germany,,3,29953.55094145549,0.08,V4C
Germany,,4,28037.631004327082,0.16,V4C
Germany,,5,28037.631004327082,0.16,V4C
Germany,,6,26397.196927513425,0.24,V4C
Germany,,7,26397.196927513425,0.24,V4C
Germany,,8,20284.75777131159,6.339999999999999,V4C
Germany,,9,20284.75777131159,6.339999999999999,V4C
Ghana,,0,10967.525813021633,0.0,V4C
Ghana,,1,10967.525813021633,0.0,V4C
Ghana,,2,10967.525813021633,0.0,V4C
Ghana,,3,6030.408847037987,10.49,V4C
Ghana,,4,6030.408847037987,10.49,V4C
Ghana,,5,6030.408847037987,10.49,V4C
Ghana,,6,6030.408847037987,10.49,V4C
Ghana,,7,5690.379058961752,17.31,V4C
Ghana,,8,5690.379058961752,17.31,V4C
Ghana,,9,5690.379058961752,17.31,V4C
Greece,,0,3711.7087974532983,0.0,V4C
Greece,,1,3711.7087974532983,0.0,V4C
Greece,,2,2870.120397553568,0.3000000000000001,V4C
Greece,,3,2870.120397553568,0.3000000000000001,V4C
Greece,,4,2870.120397553568,0.3000000000000001,V4C
Greece,,5,2320.84379750301,2.6300000000000003,V4C
Greece,,6,2320.84379750301,2.6300000000000003,V4C
Greece,,7,2320.84379750301,2.6300000000000003,V4C
Greece,,8,2138.4631099226144,7.909999999999999,V4C
Greece,,9,2138.4631099226144,7.909999999999999,V4C
Greenland,,0,0.0,0.0,V4C
Greenland,,1,0.0,0.0,V4C
Greenland,,2,0.0,0.0,V4C
Greenland,,3,0.0,0.0,V4C
Greenland,,4,0.0,0.0,V4C
Greenland,,5,0.0,0.0,V4C
Greenland,,6,0.0,0.0,V4C
Greenland,,7,0.0,0.0,V4C
Greenland,,8,0.0,0.0,V4C
Greenland,,9,0.0,0.0,V4C
Guam,,0,9.112932852585766,0.0,V4C
Guam,,1,9.112932852585766,0.0,V4C
Guam,,2,7.232473673222257,2.1100000000000003,V4C
Guam,,3,7.232473673222257,2.1100000000000003,V4C
Guam,,4,6.021732395466455,6.7299999999999995,V4C
Guam,,5,6.021732395466455,6.7299999999999995,V4C
Guam,,6,5.619555123538857,13.479999999999999,V4C
Guam,,7,5.619555123538857,13.479999999999999,V4C
Guam,,8,5.203660761033691,22.34,V4C
Guam,,9,5.203660761033691,22.34,V4C
Guatemala,,0,3480.8873032060187,0.0,V4C
Guatemala,,1,2688.2179778788436,1.7999999999999996,V4C
Guatemala,,2,2688.2179778788436,1.7999999999999996,V4C
Guatemala,,3,2209.529178630067,5.6,V4C
Guatemala,,4,2267.8211876103974,6.88,V4C
Guatemala,,5,2267.8211876103974,6.88,V4C
Guatemala,,6,1905.0580568309902,14.3,V4C
Guatemala,,7,1838.0323353576034,22.599999999999998,V4C
Guatemala,,8,1838.0323353576034,22.599999999999998,V4C
Guatemala,,9,1821.6309308739378,24.88,V4C
Guinea,,0,229.92482248424227,0.0,V4C
Guinea,,1,229.92482248424227,0.0,V4C
Guinea,,2,229.92482248424227,0.0,V4C
Guinea,,3,182.5949058487342,0.8400000000000001,V4C
Guinea,,4,182.5949058487342,0.8400000000000001,V4C
Guinea,,5,182.5949058487342,0.8400000000000001,V4C
Guinea,,6,182.5949058487342,0.8400000000000001,V4C
Guinea,,7,127.86805016119787,8.639999999999999,V4C
Guinea,,8,127.86805016119787,8.639999999999999,V4C
Guinea,,9,127.86805016119787,8.639999999999999,V4C
Guyana,,0,221.49752378085418,0.0,V4C
Guyana,,1,213.0835048877512,0.22,V4C
Guyana,,2,213.0835048877512,0.22,V4C
Guyana,,3,176.76612042179164,0.7200000000000001,V4C
Guyana,,4,167.15475551345472,1.06,V4C
Guyana,,5,167.15475551345472,1.06,V4C
Guyana,,6,159.3690539500624,1.3,V4C
Guyana,,7,132.5522336990309,5.0200000000000005,V4C
Guyana,,8,132.5522336990309,5.0200000000000005,V4C
Guyana,,9,126.30823065291288,12.28,V4C
Haiti,,0,682.6198271524194,0.0,V4C
Haiti,,1,654.5083869447278,0.1,V4C
Haiti,,2,654.5083869447278,0.1,V4C
Haiti,,3,469.50334978136203,4.58,V4C
Haiti,,4,447.8264725491126,5.589999999999999,V4C
Haiti,,5,447.8264725491126,5.589999999999999,V4C
Haiti,,6,428.4150953419915,6.6,V4C
Haiti,,7,373.73128653076844,17.25,V4C
Haiti,,8,373.73128653076844,17.25,V4C
Haiti,,9,366.82721843585745,17.59,V4C
Honduras,,0,4172.08083593345,0.0,V4C
Honduras,,1,3251.0267066452293,2.2199999999999998,V4C
Honduras,,2,3057.3980722832725,3.44,V4C
Honduras,,3,3057.3980722832725,3.44,V4C
Honduras,,4,2889.8287659790444,4.660000000000001,V4C
Honduras,,5,2988.2318131755887,5.119999999999999,V4C
Honduras,,6,2743.53805043234,5.88,V4C
Honduras,,7,2743.53805043234,5.88,V4C
Honduras,,8,2705.193163472633,6.58,V4C
Honduras,,9,2575.9802222481244,8.78,V4C
Hong Kong,,0,258.61230415748366,0.0,V4C
Hong Kong,,1,258.61230415748366,0.0,V4C
Hong Kong,,2,229.8820382861692,1.98,V4C
Hong Kong,,3,229.8820382861692,1.98,V4C
Hong Kong,,4,181.92412426609735,5.7,V4C
Hong Kong,,5,181.92412426609735,5.7,V4C
Hong Kong,,6,170.3341340130444,7.26,V4C
Hong Kong,,7,170.3341340130444,7.26,V4C
Hong Kong,,8,155.74118333070413,9.570000000000002,V4C
Hong Kong,,9,155.74118333070413,9.570000000000002,V4C
Hungary,,0,3155.968323718388,0.0,V4C
Hungary,,1,3155.968323718388,0.0,V4C
Hungary,,2,2488.8745446947255,1.35,V4C
Hungary,,3,2488.8745446947255,1.35,V4C
Hungary,,4,2161.7788311852883,3.27,V4C
Hungary,,5,2161.7788311852883,3.27,V4C
Hungary,,6,2370.95444407332,4.470000000000001,V4C
Hungary,,7,2370.95444407332,4.470000000000001,V4C
Hungary,,8,1872.8965155702367,14.469999999999999,V4C
Hungary,,9,1872.8965155702367,14.469999999999999,V4C
Iceland,,0,9.475189020388807,0.0,V4C
Iceland,,1,9.475189020388807,0.0,V4C
Iceland,,2,9.475189020388807,0.0,V4C
Iceland,,3,9.231377800489872,0.27,V4C
Iceland,,4,9.231377800489872,0.27,V4C
Iceland,,5,9.231377800489872,0.27,V4C
Iceland,,6,9.231377800489872,0.27,V4C
Iceland,,7,8.838680675236807,0.8099999999999999,V4C
Iceland,,8,8.838680675236807,0.8099999999999999,V4C
Iceland,,9,8.838680675236807,0.8099999999999999,V4C
India,,0,57977.20441406413,0.0,V4C
India,,1,57977.20441406413,0.0,V4C
India,,2,53496.76474895597,0.05,V4C
India,,3,53496.76474895597,0.05,V4C
India,,4,49732.966770488754,0.1,V4C
India,,5,49732.966770488754,0.1,V4C
India,,6,46533.13265113057,0.15000000000000005,V4C
India,,7,46533.13265113057,0.15000000000000005,V4C
India,,8,44158.12500572263,1.9499999999999997,V4C
India,,9,44158.12500572263,1.9499999999999997,V4C
Indonesia,,0,68250.53193297583,0.0,V4C
Indonesia,,1,66445.40223724065,0.16,V4C
Indonesia,,2,66445.40223724065,0.16,V4C
Indonesia,,3,64888.51026844561,0.32,V4C
Indonesia,,4,63536.706602627106,0.48,V4C
Indonesia,,5,63536.706602627106,0.48,V4C
Indonesia,,6,56225.48789567979,1.06,V4C
Indonesia,,7,52815.828496064605,1.43,V4C
Indonesia,,8,52815.828496064605,1.43,V4C
Indonesia,,9,52005.50053025909,1.5899999999999999,V4C
Iran,,0,26583.091505368855,0.0,V4C
Iran,,1,26583.091505368855,0.0,V4C
Iran,,2,22584.826018649823,2.19,V4C
Iran,,3,22584.826018649823,2.19,V4C
Iran,,4,22584.826018649823,2.19,V4C
Iran,,5,15024.521414461333,15.620000000000003,V4C
Iran,,6,15024.521414461333,15.620000000000003,V4C
Iran,,7,15024.521414461333,15.620000000000003,V4C
Iran,,8,14822.385619624003,16.020000000000003,V4C
Iran,,9,14822.385619624003,16.020000000000003,V4C
Iraq,,0,3790.9007003621914,0.0,V4C
Iraq,,1,2998.5581750519586,2.06,V4C
Iraq,,2,2998.5581750519586,2.06,V4C
Iraq,,3,2831.9981290940573,3.0,V4C
Iraq,,4,2831.9981290940573,3.0,V4C
Iraq,,5,2474.8203986007898,7.059999999999998,V4C
Iraq,,6,2474.8203986007898,7.059999999999998,V4C
Iraq,,7,2326.136450457109,9.09,V4C
Iraq,,8,2326.136450457109,9.09,V4C
Iraq,,9,2099.4422100080633,19.490000000000002,V4C
Ireland,,0,2216.2609453704035,0.0,V4C
Ireland,,1,2071.994143884365,0.36,V4C
Ireland,,2,2071.994143884365,0.36,V4C
Ireland,,3,1781.4855472559573,1.1400000000000001,V4C
Ireland,,4,1626.2406442595584,2.34,V4C
Ireland,,5,1626.2406442595584,2.34,V4C
Ireland,,6,1517.6362150513403,3.71,V4C
Ireland,,7,1454.7159036069977,5.249999999999999,V4C
Ireland,,8,1454.7159036069977,5.249999999999999,V4C
Ireland,,9,1432.577091033622,6.33,V4C
Israel,,0,8842.572310923893,0.0,V4C
Israel,,1,8842.572310923893,0.0,V4C
Israel,,2,6800.845669880544,2.25,V4C
Israel,,3,6800.845669880544,2.25,V4C
Israel,,4,6612.3051228461,3.6599999999999997,V4C
Israel,,5,6612.3051228461,3.6599999999999997,V4C
Israel,,6,5939.826734678904,12.84,V4C
Israel,,7,5939.826734678904,12.84,V4C
Israel,,8,5870.358846714233,15.060000000000002,V4C
Israel,,9,5870.358846714233,15.060000000000002,V4C
Italy,,0,30246.8654157717,0.0,V4C
Italy,,1,29703.29662520773,0.05,V4C
Italy,,2,29703.29662520773,0.05,V4C
Italy,,3,29215.338797862176,0.1,V4C
Italy,,4,21380.34155227971,5.1499999999999995,V4C
Italy,,5,21380.34155227971,5.1499999999999995,V4C
Italy,,6,20618.343135985244,5.9399999999999995,V4C
Italy,,7,18474.882850964586,7.959999999999999,V4C
Italy,,8,18474.882850964586,7.959999999999999,V4C
Italy,,9,18090.10784361724,13.9,V4C
Jamaica,,0,602.6902554594726,0.0,V4C
Jamaica,,1,602.6902554594726,0.0,V4C
Jamaica,,2,463.8030759106618,0.96,V4C
Jamaica,,3,463.8030759106618,0.96,V4C
Jamaica,,4,463.8030759106618,0.96,V4C
Jamaica,,5,424.55006641961774,3.81,V4C
Jamaica,,6,424.55006641961774,3.81,V4C
Jamaica,,7,424.55006641961774,3.81,V4C
Jamaica,,8,352.9252601410054,9.899999999999997,V4C
Jamaica,,9,352.9252601410054,9.899999999999997,V4C
Japan,,0,13484.147192275695,0.0,V4C
Japan,,1,13484.147192275695,0.0,V4C
Japan,,2,9805.806336873453,4.6,V4C
Japan,,3,9805.806336873453,4.6,V4C
Japan,,4,9258.527435085996,5.72,V4C
Japan,,5,9258.527435085996,5.72,V4C
Japan,,6,8781.929886459731,6.839999999999999,V4C
Japan,,7,8781.929886459731,6.839999999999999,V4C
Japan,,8,8001.399040721392,11.35,V4C
Japan,,9,8001.399040721392,11.35,V4C
Jordan,,0,2944.1191025066773,0.0,V4C
Jordan,,1,2027.0052611805074,4.5200000000000005,V4C
Jordan,,2,2027.0052611805074,4.5200000000000005,V4C
Jordan,,3,2000.549906620036,5.880000000000001,V4C
Jordan,,4,2000.549906620036,5.880000000000001,V4C
Jordan,,5,1873.310357671969,7.680000000000001,V4C
Jordan,,6,1873.310357671969,7.680000000000001,V4C
Jordan,,7,1763.0832395511843,10.74,V4C
Jordan,,8,1763.0832395511843,10.74,V4C
Jordan,,9,1736.7373292142056,13.020000000000001,V4C
Kazakhstan,,0,6889.970494165095,0.0,V4C
Kazakhstan,,1,5262.374398819424,3.7800000000000002,V4C
Kazakhstan,,2,5262.374398819424,3.7800000000000002,V4C
Kazakhstan,,3,5020.1939619369805,4.67,V4C
Kazakhstan,,4,4951.428294769425,5.12,V4C
Kazakhstan,,5,4951.428294769425,5.12,V4C
Kazakhstan,,6,4740.096534760235,6.01,V4C
Kazakhstan,,7,4938.638408589468,7.590000000000001,V4C
Kazakhstan,,8,4938.638408589468,7.590000000000001,V4C
Kazakhstan,,9,3968.011942405437,17.77,V4C
Kenya,,0,571.3343826229194,0.0,V4C
Kenya,,1,571.3343826229194,0.0,V4C
Kenya,,2,356.14599902378893,6.199999999999998,V4C
Kenya,,3,356.14599902378893,6.199999999999998,V4C
Kenya,,4,356.14599902378893,6.199999999999998,V4C
Kenya,,5,340.28178683801974,7.409999999999999,V4C
Kenya,,6,340.28178683801974,7.409999999999999,V4C
Kenya,,7,340.28178683801974,7.409999999999999,V4C
Kenya,,8,318.4491517527725,15.63,V4C
Kenya,,9,318.4491517527725,15.63,V4C
Kosovo,,0,1896.1183437629165,0.0,V4C
Kosovo,,1,1896.1183437629165,0.0,V4C
Kosovo,,2,1766.6031762203916,0.65,V4C
Kosovo,,3,1766.6031762203916,0.65,V4C
Kosovo,,4,1655.9331391878748,1.3,V4C
Kosovo,,5,1655.9331391878748,1.3,V4C
Kosovo,,6,1560.4483724072543,1.9500000000000004,V4C
Kosovo,,7,1560.4483724072543,1.9500000000000004,V4C
Kosovo,,8,1156.4766830901997,15.559999999999999,V4C
Kosovo,,9,1156.4766830901997,15.559999999999999,V4C
Kuwait,,0,1779.5823328721742,0.0,V4C
Kuwait,,1,1779.5823328721742,0.0,V4C
Kuwait,,2,1402.3624149433447,1.7099999999999997,V4C
Kuwait,,3,1402.3624149433447,1.7099999999999997,V4C
Kuwait,,4,1301.3192183237513,2.2,V4C
Kuwait,,5,1301.3192183237513,2.2,V4C
Kuwait,,6,1335.5579263344441,2.88,V4C
Kuwait,,7,1335.5579263344441,2.88,V4C
Kuwait,,8,1038.5504541992243,16.53,V4C
Kuwait,,9,1038.5504541992243,16.53,V4C
Kyrgyz Republic,,0,421.8626296997889,0.0,V4C
Kyrgyz Republic,,1,303.81391219478,4.660000000000001,V4C
Kyrgyz Republic,,2,303.81391219478,4.660000000000001,V4C
Kyrgyz Republic,,3,297.23498590305024,5.700000000000001,V4C
Kyrgyz Republic,,4,286.8939163911119,6.360000000000001,V4C
Kyrgyz Republic,,5,286.8939163911119,6.360000000000001,V4C
Kyrgyz Republic,,6,268.5639505869843,8.14,V4C
Kyrgyz Republic,,7,231.57660576012128,18.4,V4C
Kyrgyz Republic,,8,231.57660576012128,18.4,V4C
Kyrgyz Republic,,9,228.73673026612047,18.7,V4C
Laos,,0,2.377489942053871,0.0,V4C
Laos,,1,2.377489942053871,0.0,V4C
Laos,,2,2.377489942053871,0.0,V4C
Laos,,3,2.377489942053871,0.0,V4C
Laos,,4,2.377489942053871,0.0,V4C
Laos,,5,2.377489942053871,0.0,V4C
Laos,,6,2.377489942053871,0.0,V4C
Laos,,7,2.377489942053871,0.0,V4C
Laos,,8,2.377489942053871,0.0,V4C
Laos,,9,2.377489942053871,0.0,V4C
Latvia,,0,1885.0159454196985,0.0,V4C
Latvia,,1,1744.0009264884768,0.16,V4C
Latvia,,2,1622.3965036571292,0.32,V4C
Latvia,,3,1516.4867778609748,0.48,V4C
Latvia,,4,1491.2603270346497,0.8099999999999999,V4C
Latvia,,5,1491.2603270346497,0.8099999999999999,V4C
Latvia,,6,1469.2606168025977,1.1400000000000001,V4C
Latvia,,7,1449.962680939551,1.47,V4C
Latvia,,8,1332.9021475659179,2.7,V4C
Latvia,,9,1210.5321484676465,6.25,V4C
Lebanon,,0,5770.578058527689,0.0,V4C
Lebanon,,1,5770.578058527689,0.0,V4C
Lebanon,,2,4676.696640744348,2.34,V4C
Lebanon,,3,4676.696640744348,2.34,V4C
Lebanon,,4,4676.696640744348,2.34,V4C
Lebanon,,5,4053.5719141369955,5.910000000000001,V4C
Lebanon,,6,4053.5719141369955,5.910000000000001,V4C
Lebanon,,7,4053.5719141369955,5.910000000000001,V4C
Lebanon,,8,3787.04598783296,13.760000000000002,V4C
Lebanon,,9,3787.04598783296,13.760000000000002,V4C
Lesotho,,0,910.8216462391736,0.0,V4C
Lesotho,,1,910.8216462391736,0.0,V4C
Lesotho,,2,841.1796459835787,0.16,V4C
Lesotho,,3,841.1796459835787,0.16,V4C
Lesotho,,4,782.4158052644281,0.32,V4C
Lesotho,,5,782.4158052644281,0.32,V4C
Lesotho,,6,732.267334944326,0.48,V4C
Lesotho,,7,732.267334944326,0.48,V4C
Lesotho,,8,525.6434122560679,10.53,V4C
Lesotho,,9,525.6434122560679,10.53,V4C
Liberia,,0,17.516174098017647,0.0,V4C
Liberia,,1,17.516174098017647,0.0,V4C
Liberia,,2,17.044522438680143,0.08,V4C
Liberia,,3,17.044522438680143,0.08,V4C
Liberia,,4,16.63819551909189,0.16,V4C
Liberia,,5,16.63819551909189,0.16,V4C
Liberia,,6,16.285773796012474,0.24,V4C
Liberia,,7,16.285773796012474,0.24,V4C
Liberia,,8,9.948712361029404,9.360000000000001,V4C
Liberia,,9,9.948712361029404,9.360000000000001,V4C
Libya,,0,2958.8053244887865,0.0,V4C
Libya,,1,2958.8053244887865,0.0,V4C
Libya,,2,2307.627510942359,1.08,V4C
Libya,,3,2307.627510942359,1.08,V4C
Libya,,4,2241.7543645303876,1.6400000000000001,V4C
Libya,,5,2241.7543645303876,1.6400000000000001,V4C
Libya,,6,1808.8166987984418,21.84,V4C
Libya,,7,1808.8166987984418,21.84,V4C
Libya,,8,1629.9409336240694,28.38,V4C
Libya,,9,1629.9409336240694,28.38,V4C
Lithuania,,0,1344.5985566572128,0.0,V4C
Lithuania,,1,1344.5985566572128,0.0,V4C
Lithuania,,2,1344.5985566572128,0.0,V4C
Lithuania,,3,1344.5985566572128,0.0,V4C
Lithuania,,4,1344.5985566572128,0.0,V4C
Lithuania,,5,946.60405806415,4.660000000000001,V4C
Lithuania,,6,946.60405806415,4.660000000000001,V4C
Lithuania,,7,946.60405806415,4.660000000000001,V4C
Lithuania,,8,946.60405806415,4.660000000000001,V4C
Lithuania,,9,946.60405806415,4.660000000000001,V4C
Luxembourg,,0,228.31650037875517,0.0,V4C
Luxembourg,,1,228.31650037875517,0.0,V4C
Luxembourg,,2,215.42202613824165,0.09,V4C
Luxembourg,,3,215.42202613824165,0.09,V4C
Luxembourg,,4,175.76503564700084,1.6500000000000001,V4C
Luxembourg,,5,175.76503564700084,1.6500000000000001,V4C
Luxembourg,,6,167.40905545840437,2.5500000000000003,V4C
Luxembourg,,7,167.40905545840437,2.5500000000000003,V4C
Luxembourg,,8,151.33134612582512,8.94,V4C
Luxembourg,,9,151.33134612582512,8.94,V4C
Macao,,0,0.0,0.0,V4C
Macao,,1,0.0,0.0,V4C
Macao,,2,0.0,0.0,V4C
Macao,,3,0.0,0.0,V4C
Macao,,4,0.0,0.0,V4C
Macao,,5,0.0,0.0,V4C
Macao,,6,0.0,0.0,V4C
Macao,,7,0.0,0.0,V4C
Macao,,8,0.0,0.0,V4C
Macao,,9,0.0,0.0,V4C
Madagascar,,0,255.57284425079078,0.0,V4C
Madagascar,,1,175.35019657347019,3.91,V4C
Madagascar,,2,175.35019657347019,3.91,V4C
Madagascar,,3,162.4416414893562,5.950000000000001,V4C
Madagascar,,4,154.70227569064522,7.5600000000000005,V4C
Madagascar,,5,154.70227569064522,7.5600000000000005,V4C
Madagascar,,6,139.63626048551927,18.4,V4C
Madagascar,,7,137.7981012478118,20.599999999999994,V4C
Madagascar,,8,137.7981012478118,20.599999999999994,V4C
Madagascar,,9,133.55659678696446,27.399999999999995,V4C
Malawi,,0,3215.9209085977222,0.0,V4C
Malawi,,1,2969.900898150318,0.25,V4C
Malawi,,2,2969.900898150318,0.25,V4C
Malawi,,3,2762.899309707355,0.5,V4C
Malawi,,4,2762.899309707355,0.5,V4C
Malawi,,5,2586.663260127626,0.75,V4C
Malawi,,6,2586.663260127626,0.75,V4C
Malawi,,7,1848.4898092416188,9.729999999999999,V4C
Malawi,,8,1848.4898092416188,9.729999999999999,V4C
Malawi,,9,1711.7172512569439,26.53,V4C
Malaysia,,0,24320.35246154744,0.0,V4C
Malaysia,,1,23710.673245587208,0.02,V4C
Malaysia,,2,23710.673245587208,0.02,V4C
Malaysia,,3,23183.43603219838,0.04,V4C
Malaysia,,4,22724.59497270719,0.06,V4C
Malaysia,,5,22724.59497270719,0.06,V4C
Malaysia,,6,22330.129875148792,0.38,V4C
Malaysia,,7,21974.652202683264,0.7,V4C
Malaysia,,8,21974.652202683264,0.7,V4C
Malaysia,,9,17017.83532265118,5.94,V4C
Mali,,0,65.25641989183733,0.0,V4C
Mali,,1,60.21442832060155,0.64,V4C
Mali,,2,60.21442832060155,0.64,V4C
Mali,,3,55.98068859003517,1.28,V4C
Mali,,4,55.98068859003517,1.28,V4C
Mali,,5,52.38228401912784,1.92,V4C
Mali,,6,52.38228401912784,1.92,V4C
Mali,,7,45.07568867792984,4.839999999999999,V4C
Mali,,8,45.07568867792984,4.839999999999999,V4C
Mali,,9,38.56058670386536,13.12,V4C
Mauritania,,0,127.71488422947176,0.0,V4C
Mauritania,,1,127.71488422947176,0.0,V4C
Mauritania,,2,127.71488422947176,0.0,V4C
Mauritania,,3,127.71488422947176,0.0,V4C
Mauritania,,4,127.71488422947176,0.0,V4C
Mauritania,,5,127.71488422947176,0.0,V4C
Mauritania,,6,127.71488422947176,0.0,V4C
Mauritania,,7,127.71488422947176,0.0,V4C
Mauritania,,8,127.71488422947176,0.0,V4C
Mauritania,,9,127.71488422947176,0.0,V4C
Mauritius,,0,11.516514978210841,0.0,V4C
Mauritius,,1,10.441804307390031,0.28,V4C
Mauritius,,2,10.441804307390031,0.28,V4C
Mauritius,,3,8.491430434821003,1.06,V4C
Mauritius,,4,7.967669379605222,1.8,V4C
Mauritius,,5,7.967669379605222,1.8,V4C
Mauritius,,6,7.283443246603938,3.0599999999999996,V4C
Mauritius,,7,6.3722894237709164,13.239999999999998,V4C
Mauritius,,8,6.3722894237709164,13.239999999999998,V4C
Mauritius,,9,6.11948079943871,17.299999999999997,V4C
Mexico,,0,53993.89480558039,0.0,V4C
Mexico,,1,53993.89480558039,0.0,V4C
Mexico,,2,50076.220547780526,0.36,V4C
Mexico,,3,50076.220547780526,0.36,V4C
Mexico,,4,46763.01226393478,0.72,V4C
Mexico,,5,46763.01226393478,0.72,V4C
Mexico,,6,43929.45471116788,1.08,V4C
Mexico,,7,43929.45471116788,1.08,V4C
Mexico,,8,31967.54662917176,6.5600000000000005,V4C
Mexico,,9,31967.54662917176,6.5600000000000005,V4C
Moldova,,0,1109.195564156033,0.0,V4C
Moldova,,1,1072.2573051719555,0.14,V4C
Moldova,,2,1072.2573051719555,0.14,V4C
Moldova,,3,1005.2184408524607,0.43,V4C
Moldova,,4,947.8615536746082,0.72,V4C
Moldova,,5,947.8615536746082,0.72,V4C
Moldova,,6,898.294038764201,1.0099999999999998,V4C
Moldova,,7,672.0384435626404,23.06,V4C
Moldova,,8,672.0384435626404,23.06,V4C
Moldova,,9,644.4691018146474,24.04,V4C
Monaco,,0,43.83129711171101,0.0,V4C
Monaco,,1,43.83129711171101,0.0,V4C
Monaco,,2,41.11167882646451,0.46,V4C
Monaco,,3,41.11167882646451,0.46,V4C
Monaco,,4,38.778054277890696,0.92,V4C
Monaco,,5,38.778054277890696,0.92,V4C
Monaco,,6,36.75651834980913,1.3800000000000001,V4C
Monaco,,7,36.75651834980913,1.3800000000000001,V4C
Monaco,,8,34.2798871911182,4.99,V4C
Monaco,,9,34.2798871911182,4.99,V4C
Mongolia,,0,171.7867470361793,0.0,V4C
Mongolia,,1,112.50777354434398,5.69,V4C
Mongolia,,2,112.50777354434398,5.69,V4C
Mongolia,,3,108.27557541014684,6.51,V4C
Mongolia,,4,108.27557541014684,6.51,V4C
Mongolia,,5,104.38179521114459,7.33,V4C
Mongolia,,6,104.38179521114459,7.33,V4C
Mongolia,,7,95.94377339179766,12.679999999999998,V4C
Mongolia,,8,95.94377339179766,12.679999999999998,V4C
Mongolia,,9,94.30475188830329,15.16,V4C
Morocco,,0,2481.2549983710596,0.0,V4C
Morocco,,1,2481.2549983710596,0.0,V4C
Morocco,,2,1925.098678468536,1.7999999999999996,V4C
Morocco,,3,1925.098678468536,1.7999999999999996,V4C
Morocco,,4,1925.098678468536,1.7999999999999996,V4C
Morocco,,5,1827.9643819402547,3.48,V4C
Morocco,,6,1827.9643819402547,3.48,V4C
Morocco,,7,1827.9643819402547,3.48,V4C
Morocco,,8,1373.1401904129714,22.94,V4C
Morocco,,9,1373.1401904129714,22.94,V4C
Mozambique,,0,5356.095657730364,0.0,V4C
Mozambique,,1,4104.2341135035695,1.0499999999999998,V4C
Mozambique,,2,4104.2341135035695,1.0499999999999998,V4C
Mozambique,,3,3706.4164204593376,2.04,V4C
Mozambique,,4,3706.4164204593376,2.04,V4C
Mozambique,,5,3510.6571489758885,3.46,V4C
Mozambique,,6,3510.6571489758885,3.46,V4C
Mozambique,,7,3432.066231685881,4.62,V4C
Mozambique,,8,3432.066231685881,4.62,V4C
Mozambique,,9,3005.3394058280733,9.9,V4C
Myanmar,,0,1601.1642139462758,0.0,V4C
Myanmar,,1,1336.8032847231839,0.16,V4C
Myanmar,,2,1233.38453927227,0.24,V4C
Myanmar,,3,1233.38453927227,0.24,V4C
Myanmar,,4,1157.03824348252,0.64,V4C
Myanmar,,5,1091.2405525516504,1.04,V4C
Myanmar,,6,1034.0051181146985,1.4400000000000002,V4C
Myanmar,,7,1034.0051181146985,1.4400000000000002,V4C
Myanmar,,8,1011.8615644211534,2.08,V4C
Myanmar,,9,929.2219283503057,9.65,V4C
Namibia,,0,736.5946566792733,0.0,V4C
Namibia,,1,736.5946566792733,0.0,V4C
Namibia,,2,575.6461289323097,3.3899999999999997,V4C
Namibia,,3,575.6461289323097,3.3899999999999997,V4C
Namibia,,4,547.3263999276528,6.0,V4C
Namibia,,5,547.3263999276528,6.0,V4C
Namibia,,6,438.5799352588887,13.42,V4C
Namibia,,7,438.5799352588887,13.42,V4C
Namibia,,8,431.94929977144744,15.08,V4C
Namibia,,9,431.94929977144744,15.08,V4C
Nepal,,0,772.7514461297399,0.0,V4C
Nepal,,1,772.7514461297399,0.0,V4C
Nepal,,2,535.9128911106708,3.9799999999999995,V4C
Nepal,,3,535.9128911106708,3.9799999999999995,V4C
Nepal,,4,424.8111322127835,16.62,V4C
Nepal,,5,424.8111322127835,16.62,V4C
Nepal,,6,408.69280152264434,21.19,V4C
Nepal,,7,408.69280152264434,21.19,V4C
Nepal,,8,403.0290114648495,27.55,V4C
Nepal,,9,403.0290114648495,27.55,V4C
Netherlands,,0,7246.538034553048,0.0,V4C
Netherlands,,1,7246.538034553048,0.0,V4C
Netherlands,,2,7246.538034553048,0.0,V4C
Netherlands,,3,4216.965916202932,23.68,V4C
Netherlands,,4,4216.965916202932,23.68,V4C
Netherlands,,5,4216.965916202932,23.68,V4C
Netherlands,,6,4216.965916202932,23.68,V4C
Netherlands,,7,4167.332531407813,30.6,V4C
Netherlands,,8,4167.332531407813,30.6,V4C
Netherlands,,9,4167.332531407813,30.6,V4C
New Zealand,,0,9.608231709609049,0.0,V4C
New Zealand,,1,8.878231150280012,0.12,V4C
New Zealand,,2,8.878231150280012,0.12,V4C
New Zealand,,3,8.264771038078932,0.24,V4C
New Zealand,,4,7.742975614407205,0.36,V4C
New Zealand,,5,7.742975614407205,0.36,V4C
New Zealand,,6,7.572491740870717,0.42,V4C
New Zealand,,7,7.4252862314461465,0.48,V4C
New Zealand,,8,7.4252862314461465,0.48,V4C
New Zealand,,9,7.098242463185026,3.3,V4C
Nicaragua,,0,29.857717571971197,0.0,V4C
Nicaragua,,1,27.495589121861,0.3,V4C
Nicaragua,,2,27.495589121861,0.3,V4C
Nicaragua,,3,25.514504541183364,0.6,V4C
Nicaragua,,4,25.514504541183364,0.6,V4C
Nicaragua,,5,23.832606092391256,0.8999999999999998,V4C
Nicaragua,,6,23.832606092391256,0.8999999999999998,V4C
Nicaragua,,7,19.042799302418647,3.4499999999999997,V4C
Nicaragua,,8,19.042799302418647,3.4499999999999997,V4C
Nicaragua,,9,16.562831400833804,9.75,V4C
Niger,,0,109.45625899236089,0.0,V4C
Niger,,1,109.45625899236089,0.0,V4C
Niger,,2,109.45625899236089,0.0,V4C
Niger,,3,109.45625899236089,0.0,V4C
Niger,,4,109.45625899236089,0.0,V4C
Niger,,5,101.78956851937245,0.8099999999999999,V4C
Niger,,6,101.78956851937245,0.8099999999999999,V4C
Niger,,7,101.78956851937245,0.8099999999999999,V4C
Niger,,8,101.78956851937245,0.8099999999999999,V4C
Niger,,9,101.78956851937245,0.8099999999999999,V4C
Nigeria,,0,5390.787019632682,0.0,V4C
Nigeria,,1,5390.787019632682,0.0,V4C
Nigeria,,2,4617.45550748395,5.05,V4C
Nigeria,,3,4617.45550748395,5.05,V4C
Nigeria,,4,4243.51973612522,5.38,V4C
Nigeria,,5,4243.51973612522,5.38,V4C
Nigeria,,6,4515.14887538944,6.7700000000000005,V4C
Nigeria,,7,4515.14887538944,6.7700000000000005,V4C
Nigeria,,8,3959.8490633448287,12.11,V4C
Nigeria,,9,3959.8490633448287,12.11,V4C
Norway,,0,964.4742751015964,0.0,V4C
Norway,,1,738.489970784727,0.38,V4C
Norway,,2,738.489970784727,0.38,V4C
Norway,,3,728.2386533766522,0.55,V4C
Norway,,4,686.825910208334,1.4000000000000001,V4C
Norway,,5,686.825910208334,1.4000000000000001,V4C
Norway,,6,658.1796467547734,2.08,V4C
Norway,,7,632.445274573413,2.7600000000000002,V4C
Norway,,8,632.445274573413,2.7600000000000002,V4C
Norway,,9,559.5286632351496,11.75,V4C
Oman,,0,681.1623533672182,0.0,V4C
Oman,,1,529.278811904385,1.6500000000000001,V4C
Oman,,2,529.278811904385,1.6500000000000001,V4C
Oman,,3,480.75141491183774,3.2300000000000004,V4C
Oman,,4,480.75141491183774,3.2300000000000004,V4C
Oman,,5,456.8116294151899,4.49,V4C
Oman,,6,456.8116294151899,4.49,V4C
Oman,,7,421.5956277668568,8.2,V4C
Oman,,8,421.5956277668568,8.2,V4C
Oman,,9,391.1097740518639,10.72,V4C
Pakistan,,0,8534.0569391492,0.0,V4C
Pakistan,,1,7868.845751871463,0.1,V4C
Pakistan,,2,7868.845751871463,0.1,V4C
Pakistan,,3,7310.3009017247905,0.2,V4C
Pakistan,,4,7310.3009017247905,0.2,V4C
Pakistan,,5,6835.637704650064,0.3000000000000001,V4C
Pakistan,,6,6835.637704650064,0.3000000000000001,V4C
Pakistan,,7,6701.700482500982,0.92,V4C
Pakistan,,8,6701.700482500982,0.92,V4C
Pakistan,,9,6483.422436056135,2.16,V4C
Palestine,,0,1453.838359489167,0.0,V4C
Palestine,,1,1453.838359489167,0.0,V4C
Palestine,,2,1426.4311741777055,0.05,V4C
Palestine,,3,1426.4311741777055,0.05,V4C
Palestine,,4,1426.4311741777055,0.05,V4C
Palestine,,5,1401.8533417766193,0.1,V4C
Palestine,,6,1401.8533417766193,0.1,V4C
Palestine,,7,1401.8533417766193,0.1,V4C
Palestine,,8,1318.0569187376457,1.09,V4C
Palestine,,9,1318.0569187376457,1.09,V4C
Panama,,0,1542.7112481846757,0.0,V4C
Panama,,1,1434.511445436998,1.03,V4C
Panama,,2,1245.6423774412065,3.53,V4C
Panama,,3,1245.6423774412065,3.53,V4C
Panama,,4,1200.4060978498346,4.32,V4C
Panama,,5,1187.5184010255318,4.760000000000001,V4C
Panama,,6,1147.6952122332264,5.55,V4C
Panama,,7,1147.6952122332264,5.55,V4C
Panama,,8,1101.3327857250827,6.779999999999999,V4C
Panama,,9,1033.2670803190924,13.689999999999998,V4C
Papua New Guinea,,0,162.4957568520484,0.0,V4C
Papua New Guinea,,1,151.25094571608702,0.6900000000000001,V4C
Papua New Guinea,,2,151.25094571608702,0.6900000000000001,V4C
Papua New Guinea,,3,118.08979826353877,3.1799999999999997,V4C
Papua New Guinea,,4,118.08979826353877,3.1799999999999997,V4C
Papua New Guinea,,5,114.78048409155068,3.98,V4C
Papua New Guinea,,6,114.78048409155068,3.98,V4C
Papua New Guinea,,7,107.41427923155814,6.339999999999999,V4C
Papua New Guinea,,8,107.41427923155814,6.339999999999999,V4C
Papua New Guinea,,9,92.77818809375331,12.729999999999999,V4C
Paraguay,,0,2954.1153643899597,0.0,V4C
Paraguay,,1,2954.1153643899597,0.0,V4C
Paraguay,,2,2739.478416385076,0.29,V4C
Paraguay,,3,2739.478416385076,0.29,V4C
Paraguay,,4,2557.950726385718,0.58,V4C
Paraguay,,5,2557.950726385718,0.58,V4C
Paraguay,,6,2402.704723658543,0.8699999999999999,V4C
Paraguay,,7,2402.704723658543,0.8699999999999999,V4C
Paraguay,,8,1732.1717061261938,15.170000000000002,V4C
Paraguay,,9,1732.1717061261938,15.170000000000002,V4C
Peru,,0,28474.397448219952,0.0,V4C
Peru,,1,16951.921635337192,7.080000000000001,V4C
Peru,,2,16951.921635337192,7.080000000000001,V4C
Peru,,3,16789.0234986552,7.5200000000000005,V4C
Peru,,4,16789.0234986552,7.5200000000000005,V4C
Peru,,5,16714.689859249105,7.58,V4C
Peru,,6,16714.689859249105,7.58,V4C
Peru,,7,16612.9070419049,12.51,V4C
Peru,,8,16612.9070419049,12.51,V4C
Peru,,9,16414.082294913864,16.669999999999998,V4C
Philippines,,0,8411.932824279904,0.0,V4C
Philippines,,1,7758.690135280638,0.18,V4C
Philippines,,2,7758.690135280638,0.18,V4C
Philippines,,3,7209.877326401159,0.36,V4C
Philippines,,4,7209.877326401159,0.36,V4C
Philippines,,5,6743.248053545839,0.54,V4C
Philippines,,6,6743.248053545839,0.54,V4C
Philippines,,7,5064.266601199752,9.209999999999999,V4C
Philippines,,8,5064.266601199752,9.209999999999999,V4C
Philippines,,9,4971.01772361817,10.65,V4C
Poland,,0,13503.890021918878,0.0,V4C
Poland,,1,13255.774020179642,0.03,V4C
Poland,,2,13033.198151568464,0.06,V4C
Poland,,3,13033.198151568464,0.06,V4C
Poland,,4,12025.360318506788,0.36,V4C
Poland,,5,11160.47235324341,0.6599999999999999,V4C
Poland,,6,10410.454390579484,0.96,V4C
Poland,,7,10410.454390579484,0.96,V4C
Poland,,8,9952.379053745386,2.55,V4C
Poland,,9,8256.806815771331,8.58,V4C
Portugal,,0,16880.26408850511,0.0,V4C
Portugal,,1,16880.26408850511,0.0,V4C
Portugal,,2,15097.565557368303,1.93,V4C
Portugal,,3,15097.565557368303,1.93,V4C
Portugal,,4,15097.565557368303,1.93,V4C
Portugal,,5,12871.454572837913,4.82,V4C
Portugal,,6,12871.454572837913,4.82,V4C
Portugal,,7,12871.454572837913,4.82,V4C
Portugal,,8,11443.280981780803,12.079999999999998,V4C
Portugal,,9,11443.280981780803,12.079999999999998,V4C
Puerto Rico,,0,874.114490819266,0.0,V4C
Puerto Rico,,1,874.114490819266,0.0,V4C
Puerto Rico,,2,874.114490819266,0.0,V4C
Puerto Rico,,3,820.0411919319074,2.04,V4C
Puerto Rico,,4,820.0411919319074,2.04,V4C
Puerto Rico,,5,820.0411919319074,2.04,V4C
Puerto Rico,,6,820.0411919319074,2.04,V4C
Puerto Rico,,7,550.0394704423925,13.379999999999997,V4C
Puerto Rico,,8,550.0394704423925,13.379999999999997,V4C
Puerto Rico,,9,550.0394704423925,13.379999999999997,V4C
Qatar,,0,1015.5959485073043,0.0,V4C
Qatar,,1,1015.5959485073043,0.0,V4C
Qatar,,2,802.1135277421516,0.8099999999999999,V4C
Qatar,,3,802.1135277421516,0.8099999999999999,V4C
Qatar,,4,790.7252445931988,0.93,V4C
Qatar,,5,790.7252445931988,0.93,V4C
Qatar,,6,780.4142209983495,1.05,V4C
Qatar,,7,780.4142209983495,1.05,V4C
Qatar,,8,745.5736606681942,2.52,V4C
Qatar,,9,745.5736606681942,2.52,V4C
Romania,,0,6793.540094998995,0.0,V4C
Romania,,1,5366.419214985845,0.03,V4C
Romania,,2,5366.419214985845,0.03,V4C
Romania,,3,4894.325934545467,1.1800000000000002,V4C
Romania,,4,4894.325934545467,1.1800000000000002,V4C
Romania,,5,4726.524147290123,2.0,V4C
Romania,,6,4726.524147290123,2.0,V4C
Romania,,7,4043.5531674703093,11.6,V4C
Romania,,8,4043.5531674703093,11.6,V4C
Romania,,9,3994.584916120184,14.02,V4C
Russia,,0,56090.99687870799,0.0,V4C
Russia,,1,54725.00909459104,0.45,V4C
Russia,,2,54725.00909459104,0.45,V4C
Russia,,3,52518.50826453155,1.35,V4C
Russia,,4,52518.50826453155,1.35,V4C
Russia,,5,40967.72128714153,4.46,V4C
Russia,,6,40967.72128714153,4.46,V4C
Russia,,7,38326.03172103698,4.99,V4C
Russia,,8,38326.03172103698,4.99,V4C
Russia,,9,34720.7297130827,9.049999999999999,V4C
Rwanda,,0,2176.723049164844,0.0,V4C
Rwanda,,1,2005.214808610014,0.56,V4C
Rwanda,,2,2005.214808610014,0.56,V4C
Rwanda,,3,1861.0746517776545,1.12,V4C
Rwanda,,4,1738.497832540872,1.6800000000000002,V4C
Rwanda,,5,1738.497832540872,1.6800000000000002,V4C
Rwanda,,6,1446.898663260672,8.28,V4C
Rwanda,,7,1205.008620741601,14.040000000000001,V4C
Rwanda,,8,1205.008620741601,14.040000000000001,V4C
Rwanda,,9,1132.6947641051768,21.119999999999997,V4C
San Marino,,0,34.74878777353701,0.0,V4C
San Marino,,1,27.409117330789833,1.51,V4C
San Marino,,2,27.409117330789833,1.51,V4C
San Marino,,3,26.24902523556467,2.24,V4C
San Marino,,4,26.24902523556467,2.24,V4C
San Marino,,5,25.22208216371717,2.9699999999999998,V4C
San Marino,,6,25.22208216371717,2.9699999999999998,V4C
San Marino,,7,24.028878834554682,6.13,V4C
San Marino,,8,24.028878834554682,6.13,V4C
San Marino,,9,23.702841360884214,7.07,V4C
Saudi Arabia,,0,1399.9469866430234,0.0,V4C
Saudi Arabia,,1,1003.2028656262331,1.7600000000000002,V4C
Saudi Arabia,,2,1003.2028656262331,1.7600000000000002,V4C
Saudi Arabia,,3,944.5734993085823,2.38,V4C
Saudi Arabia,,4,944.5734993085823,2.38,V4C
Saudi Arabia,,5,893.6199599991999,3.0,V4C
Saudi Arabia,,6,893.6199599991999,3.0,V4C
Saudi Arabia,,7,784.1220931792976,13.820000000000002,V4C
Saudi Arabia,,8,784.1220931792976,13.820000000000002,V4C
Saudi Arabia,,9,770.2739022249401,14.22,V4C
Senegal,,0,1406.4961516349233,0.0,V4C
Senegal,,1,951.3625089640444,4.3,V4C
Senegal,,2,951.3625089640444,4.3,V4C
Senegal,,3,901.9495763704729,5.8100000000000005,V4C
Senegal,,4,901.9495763704729,5.8100000000000005,V4C
Senegal,,5,858.4186466673543,7.32,V4C
Senegal,,6,858.4186466673543,7.32,V4C
Senegal,,7,901.8084555994341,9.0,V4C
Senegal,,8,901.8084555994341,9.0,V4C
Senegal,,9,790.1269789275897,13.53,V4C
Serbia,,0,4146.886973488217,0.0,V4C
Serbia,,1,4146.886973488217,0.0,V4C
Serbia,,2,3865.4689052064655,0.62,V4C
Serbia,,3,3865.4689052064655,0.62,V4C
Serbia,,4,3626.4808741111583,1.24,V4C
Serbia,,5,3626.4808741111583,1.24,V4C
Serbia,,6,3743.578587586688,2.31,V4C
Serbia,,7,3743.578587586688,2.31,V4C
Serbia,,8,3172.3801463407954,4.17,V4C
Serbia,,9,3172.3801463407954,4.17,V4C
Seychelles,,0,68.50216536632028,0.0,V4C
Seychelles,,1,57.1818494380016,2.6,V4C
Seychelles,,2,57.1818494380016,2.6,V4C
Seychelles,,3,47.88358220924224,5.2299999999999995,V4C
Seychelles,,4,45.707764169985786,6.2700000000000005,V4C
Seychelles,,5,45.707764169985786,6.2700000000000005,V4C
Seychelles,,6,42.00196444235512,8.750000000000002,V4C
Seychelles,,7,41.68739136267588,10.370000000000001,V4C
Seychelles,,8,41.68739136267588,10.370000000000001,V4C
Seychelles,,9,41.398540618411154,11.99,V4C
Sierra Leone,,0,932.9847244027043,0.0,V4C
Sierra Leone,,1,702.576389837829,0.63,V4C
Sierra Leone,,2,702.576389837829,0.63,V4C
Sierra Leone,,3,654.8791111300679,1.6300000000000001,V4C
Sierra Leone,,4,613.8436806291594,2.63,V4C
Sierra Leone,,5,613.8436806291594,2.63,V4C
Sierra Leone,,6,578.2143752215493,3.63,V4C
Sierra Leone,,7,568.9040274490616,4.32,V4C
Sierra Leone,,8,568.9040274490616,4.32,V4C
Sierra Leone,,9,537.6368711752642,6.9799999999999995,V4C
Singapore,,0,173.15819596434494,0.0,V4C
Singapore,,1,144.0341229037532,0.06,V4C
Singapore,,2,144.0341229037532,0.06,V4C
Singapore,,3,132.65646579534987,0.09,V4C
Singapore,,4,129.97793662665217,0.4,V4C
Singapore,,5,129.97793662665217,0.4,V4C
Singapore,,6,127.65151293276612,0.71,V4C
Singapore,,7,125.6188853347709,1.02,V4C
Singapore,,8,125.6188853347709,1.02,V4C
Singapore,,9,98.86844108202145,8.399999999999999,V4C
Slovak Republic,,0,6428.42254190232,0.0,V4C
Slovak Republic,,1,6428.42254190232,0.0,V4C
Slovak Republic,,2,4559.304830612021,9.36,V4C
Slovak Republic,,3,4559.304830612021,9.36,V4C
Slovak Republic,,4,4559.304830612021,9.36,V4C
Slovak Republic,,5,4247.15071285217,18.47,V4C
Slovak Republic,,6,4247.15071285217,18.47,V4C
Slovak Republic,,7,4247.15071285217,18.47,V4C
Slovak Republic,,8,4208.296966504951,20.77,V4C
Slovak Republic,,9,4208.296966504951,20.77,V4C
Slovenia,,0,1654.8119836255137,0.0,V4C
Slovenia,,1,1654.8119836255137,0.0,V4C
Slovenia,,2,1518.2834731496125,3.2800000000000002,V4C
Slovenia,,3,1518.2834731496125,3.2800000000000002,V4C
Slovenia,,4,1278.7838326207618,7.63,V4C
Slovenia,,5,1278.7838326207618,7.63,V4C
Slovenia,,6,1115.9209322939844,12.61,V4C
Slovenia,,7,1115.9209322939844,12.61,V4C
Slovenia,,8,1103.195683913134,14.01,V4C
Slovenia,,9,1103.195683913134,14.01,V4C
Solomon Islands,,0,0.0,0.0,V4C
Solomon Islands,,1,0.0,0.0,V4C
Solomon Islands,,2,0.0,0.0,V4C
Solomon Islands,,3,0.0,0.0,V4C
Solomon Islands,,4,0.0,0.0,V4C
Solomon Islands,,5,0.0,0.0,V4C
Solomon Islands,,6,0.0,0.0,V4C
Solomon Islands,,7,0.0,0.0,V4C
Solomon Islands,,8,0.0,0.0,V4C
Solomon Islands,,9,0.0,0.0,V4C
Somalia,,0,99.73521513015312,0.0,V4C
Somalia,,1,74.90137674192549,1.35,V4C
Somalia,,2,67.02457069732773,3.21,V4C
Somalia,,3,66.65277363321532,3.2800000000000002,V4C
Somalia,,4,63.94673243426536,4.28,V4C
Somalia,,5,63.94673243426536,4.28,V4C
Somalia,,6,63.15486549137882,5.469999999999999,V4C
Somalia,,7,60.30966171543489,5.589999999999999,V4C
Somalia,,8,54.184168831846414,9.4,V4C
Somalia,,9,53.195829068123984,11.7,V4C
South Africa,,0,13049.185281103766,0.0,V4C
South Africa,,1,13049.185281103766,0.0,V4C
South Africa,,2,12234.529179571555,1.5,V4C
South Africa,,3,12234.529179571555,1.5,V4C
South Africa,,4,12234.529179571555,1.5,V4C
South Africa,,5,9841.993220907734,3.96,V4C
South Africa,,6,9841.993220907734,3.96,V4C
South Africa,,7,9841.993220907734,3.96,V4C
South Africa,,8,8514.69798730459,6.63,V4C
South Africa,,9,8514.69798730459,6.63,V4C
South Korea,,0,2209.8773041495647,0.0,V4C
South Korea,,1,1926.0978673421218,0.7,V4C
South Korea,,2,1926.0978673421218,0.7,V4C
South Korea,,3,1799.8400780262164,1.2,V4C
South Korea,,4,1691.424878924077,1.7,V4C
South Korea,,5,1691.424878924077,1.7,V4C
South Korea,,6,1462.9614726218108,5.08,V4C
South Korea,,7,1390.7440064879702,6.67,V4C
South Korea,,8,1390.7440064879702,6.67,V4C
South Korea,,9,1242.6419620091272,13.75,V4C
South Sudan,,0,1175.9395457972498,0.0,V4C
South Sudan,,1,1175.9395457972498,0.0,V4C
South Sudan,,2,1175.9395457972498,0.0,V4C
South Sudan,,3,864.1328295111347,3.27,V4C
South Sudan,,4,864.1328295111347,3.27,V4C
South Sudan,,5,864.1328295111347,3.27,V4C
South Sudan,,6,864.1328295111347,3.27,V4C
South Sudan,,7,827.3270062460662,6.15,V4C
South Sudan,,8,827.3270062460662,6.15,V4C
South Sudan,,9,827.3270062460662,6.15,V4C
Spain,,0,60778.37918638743,0.0,V4C
Spain,,1,60778.37918638743,0.0,V4C
Spain,,2,57319.698347034646,0.08,V4C
Spain,,3,57319.698347034646,0.08,V4C
Spain,,4,54335.30756434578,0.16,V4C
Spain,,5,54335.30756434578,0.16,V4C
Spain,,6,51737.20102312999,0.24,V4C
Spain,,7,51737.20102312999,0.24,V4C
Spain,,8,39957.59270653695,15.610000000000001,V4C
Spain,,9,39957.59270653695,15.610000000000001,V4C
Sri Lanka,,0,4584.437827699418,0.0,V4C
Sri Lanka,,1,4171.754219955129,0.34,V4C
Sri Lanka,,2,4171.754219955129,0.34,V4C
Sri Lanka,,3,3822.7055365346064,0.68,V4C
Sri Lanka,,4,3523.9475535656197,1.02,V4C
Sri Lanka,,5,3523.9475535656197,1.02,V4C
Sri Lanka,,6,2629.6709059439613,9.129999999999999,V4C
Sri Lanka,,7,2490.620871186723,16.130000000000003,V4C
Sri Lanka,,8,2490.620871186723,16.130000000000003,V4C
Sri Lanka,,9,2460.8747839108887,18.929999999999996,V4C
Sudan,,0,5477.235777849148,0.0,V4C
Sudan,,1,5477.235777849148,0.0,V4C
Sudan,,2,4168.020644890044,0.27,V4C
Sudan,,3,4168.020644890044,0.27,V4C
Sudan,,4,4168.020644890044,0.27,V4C
Sudan,,5,3936.9415059997336,1.05,V4C
Sudan,,6,3936.9415059997336,1.05,V4C
Sudan,,7,3936.9415059997336,1.05,V4C
Sudan,,8,3050.0591128441074,7.0,V4C
Sudan,,9,3050.0591128441074,7.0,V4C
Suriname,,0,184.4094647538462,0.0,V4C
Suriname,,1,171.0159989758967,0.15,V4C
Suriname,,2,159.70092389391792,0.3,V4C
Suriname,,3,159.70092389391792,0.3,V4C
Suriname,,4,150.032541741388,0.4499999999999999,V4C
Suriname,,5,130.245066912778,1.75,V4C
Suriname,,6,122.14233175965664,2.400000000000001,V4C
Suriname,,7,122.14233175965664,2.400000000000001,V4C
Suriname,,8,117.72352813117274,4.5600000000000005,V4C
Suriname,,9,115.5673128459625,6.260000000000001,V4C
Sweden,,0,4917.1325455235865,0.0,V4C
Sweden,,1,4917.1325455235865,0.0,V4C
Sweden,,2,4917.1325455235865,0.0,V4C
Sweden,,3,3931.1213969595624,0.27999999999999997,V4C
Sweden,,4,3931.1213969595624,0.27999999999999997,V4C
Sweden,,5,3931.1213969595624,0.27999999999999997,V4C
Sweden,,6,3931.1213969595624,0.27999999999999997,V4C
Sweden,,7,3087.344988384152,13.2,V4C
Sweden,,8,3087.344988384152,13.2,V4C
Sweden,,9,3087.344988384152,13.2,V4C
Switzerland,,0,3079.181531690818,0.0,V4C
Switzerland,,1,2473.8757698790723,1.2900000000000003,V4C
Switzerland,,2,2473.8757698790723,1.2900000000000003,V4C
Switzerland,,3,2345.0587365488086,1.56,V4C
Switzerland,,4,2345.0587365488086,1.56,V4C
Switzerland,,5,2233.0467651279478,1.83,V4C
Switzerland,,6,2233.0467651279478,1.83,V4C
Switzerland,,7,2134.8131510904805,2.1,V4C
Switzerland,,8,2134.8131510904805,2.1,V4C
Switzerland,,9,1947.3049938353818,9.170000000000002,V4C
Syria,,0,255.8255875073913,0.0,V4C
Syria,,1,236.10521797479436,0.51,V4C
Syria,,2,236.10521797479436,0.51,V4C
Syria,,3,219.542740092478,1.02,V4C
Syria,,4,205.46398389671887,1.53,V4C
Syria,,5,205.46398389671887,1.53,V4C
Syria,,6,165.24975761438267,5.13,V4C
Syria,,7,161.7125607219321,6.15,V4C
Syria,,8,161.7125607219321,6.15,V4C
Syria,,9,152.00214737703968,12.920000000000002,V4C
Taiwan,,0,19.35923360898942,0.0,V4C
Taiwan,,1,19.35923360898942,0.0,V4C
Taiwan,,2,11.649127875687961,6.660000000000001,V4C
Taiwan,,3,11.649127875687961,6.660000000000001,V4C
Taiwan,,4,11.649127875687961,6.660000000000001,V4C
Taiwan,,5,10.36220779751935,13.26,V4C
Taiwan,,6,10.36220779751935,13.26,V4C
Taiwan,,7,10.36220779751935,13.26,V4C
Taiwan,,8,10.936606890118217,13.950000000000001,V4C
Taiwan,,9,10.936606890118217,13.950000000000001,V4C
Tajikistan,,0,0.0,0.0,V4C
Tajikistan,,1,0.0,0.0,V4C
Tajikistan,,2,0.0,0.0,V4C
Tajikistan,,3,0.0,0.0,V4C
Tajikistan,,4,0.0,0.0,V4C
Tajikistan,,5,0.0,0.0,V4C
Tajikistan,,6,0.0,0.0,V4C
Tajikistan,,7,0.0,0.0,V4C
Tajikistan,,8,0.0,0.0,V4C
Tajikistan,,9,0.0,0.0,V4C
Tanzania,,0,0.0,0.0,V4C
Tanzania,,1,0.0,0.0,V4C
Tanzania,,2,0.0,0.0,V4C
Tanzania,,3,0.0,0.0,V4C
Tanzania,,4,0.0,0.0,V4C
Tanzania,,5,0.0,0.0,V4C
Tanzania,,6,0.0,0.0,V4C
Tanzania,,7,0.0,0.0,V4C
Tanzania,,8,0.0,0.0,V4C
Tanzania,,9,0.0,0.0,V4C
Thailand,,0,11257.452954483893,0.0,V4C
Thailand,,1,11257.452954483893,0.0,V4C
Thailand,,2,10327.167024754903,0.01,V4C
Thailand,,3,10327.167024754903,0.01,V4C
Thailand,,4,9545.72152312379,0.02,V4C
Thailand,,5,9545.72152312379,0.02,V4C
Thailand,,6,8881.587975326429,0.03,V4C
Thailand,,7,8881.587975326429,0.03,V4C
Thailand,,8,8388.864098206048,1.6500000000000001,V4C
Thailand,,9,8388.864098206048,1.6500000000000001,V4C
Timor-Leste,,0,6.667197029952839,0.0,V4C
Timor-Leste,,1,6.667197029952839,0.0,V4C
Timor-Leste,,2,6.667197029952839,0.0,V4C
Timor-Leste,,3,3.703981930964641,9.4,V4C
Timor-Leste,,4,3.703981930964641,9.4,V4C
Timor-Leste,,5,3.703981930964641,9.4,V4C
Timor-Leste,,6,3.703981930964641,9.4,V4C
Timor-Leste,,7,3.5646614367067864,17.619999999999997,V4C
Timor-Leste,,8,3.5646614367067864,17.619999999999997,V4C
Timor-Leste,,9,3.5646614367067864,17.619999999999997,V4C
Togo,,0,383.5738295061828,0.0,V4C
Togo,,1,375.38340634430716,0.09,V4C
Togo,,2,368.0563173364013,0.18,V4C
Togo,,3,368.0563173364013,0.18,V4C
Togo,,4,283.23707393431675,3.03,V4C
Togo,,5,265.8420663914786,4.01,V4C
Togo,,6,253.8501802476667,4.8999999999999995,V4C
Togo,,7,253.8501802476667,4.8999999999999995,V4C
Togo,,8,243.1059520097627,5.789999999999999,V4C
Togo,,9,207.6923649111293,17.729999999999997,V4C
Trinidad and Tobago,,0,65.19516709909148,0.0,V4C
Trinidad and Tobago,,1,65.19516709909148,0.0,V4C
Trinidad and Tobago,,2,65.19516709909148,0.0,V4C
Trinidad and Tobago,,3,60.61464252172258,0.99,V4C
Trinidad and Tobago,,4,60.61464252172258,0.99,V4C
Trinidad and Tobago,,5,60.61464252172258,0.99,V4C
Trinidad and Tobago,,6,60.61464252172258,0.99,V4C
Trinidad and Tobago,,7,36.44337489808622,14.480000000000002,V4C
Trinidad and Tobago,,8,36.44337489808622,14.480000000000002,V4C
Trinidad and Tobago,,9,36.44337489808622,14.480000000000002,V4C
Tunisia,,0,4785.278459024069,0.0,V4C
Tunisia,,1,4669.336355640228,0.21,V4C
Tunisia,,2,4569.154716827509,0.42,V4C
Tunisia,,3,4569.154716827509,0.42,V4C
Tunisia,,4,4482.033524489137,0.63,V4C
Tunisia,,5,3589.7381589546885,3.15,V4C
Tunisia,,6,3402.253829191944,4.55,V4C
Tunisia,,7,3402.253829191944,4.55,V4C
Tunisia,,8,2854.2319092135076,13.290000000000001,V4C
Tunisia,,9,2774.163509954039,15.649999999999997,V4C
Turkey,,0,22436.160953209335,0.0,V4C
Turkey,,1,22436.160953209335,0.0,V4C
Turkey,,2,20542.39950515272,0.18,V4C
Turkey,,3,20542.39950515272,0.18,V4C
Turkey,,4,18933.50561649219,0.36,V4C
Turkey,,5,18933.50561649219,0.36,V4C
Turkey,,6,17550.659566459562,0.54,V4C
Turkey,,7,17550.659566459562,0.54,V4C
Turkey,,8,12825.856056609202,20.140000000000004,V4C
Turkey,,9,12825.856056609202,20.140000000000004,V4C
Uganda,,0,299.84104049042946,0.0,V4C
Uganda,,1,299.84104049042946,0.0,V4C
Uganda,,2,299.84104049042946,0.0,V4C
Uganda,,3,203.21717707473704,9.929999999999998,V4C
Uganda,,4,203.21717707473704,9.929999999999998,V4C
Uganda,,5,203.21717707473704,9.929999999999998,V4C
Uganda,,6,203.21717707473704,9.929999999999998,V4C
Uganda,,7,176.42160456711684,13.170000000000002,V4C
Uganda,,8,176.42160456711684,13.170000000000002,V4C
Uganda,,9,176.42160456711684,13.170000000000002,V4C
Ukraine,,0,11845.7993480755,0.0,V4C
Ukraine,,1,11556.285228321542,0.13,V4C
Ukraine,,2,11556.285228321542,0.13,V4C
Ukraine,,3,11306.23581586911,0.26,V4C
Ukraine,,4,11306.23581586911,0.26,V4C
Ukraine,,5,11088.8945583174,0.39,V4C
Ukraine,,6,11088.8945583174,0.39,V4C
Ukraine,,7,10369.45553911268,1.0899999999999999,V4C
Ukraine,,8,10369.45553911268,1.0899999999999999,V4C
Ukraine,,9,8508.685330194088,4.25,V4C
United Arab Emirates,,0,10721.214643743024,0.0,V4C
United Arab Emirates,,1,7755.725011281208,2.46,V4C
United Arab Emirates,,2,7755.725011281208,2.46,V4C
United Arab Emirates,,3,7416.571353166369,3.5100000000000002,V4C
United Arab Emirates,,4,7416.571353166369,3.5100000000000002,V4C
United Arab Emirates,,5,7114.586583028729,4.5600000000000005,V4C
United Arab Emirates,,6,7114.586583028729,4.5600000000000005,V4C
United Arab Emirates,,7,7578.539811971597,4.609999999999999,V4C
United Arab Emirates,,8,7578.539811971597,4.609999999999999,V4C
United Arab Emirates,,9,6750.441022003236,7.76,V4C
United Kingdom,,0,36358.70308484176,0.0,V4C
United Kingdom,,1,36358.70308484176,0.0,V4C
United Kingdom,,2,36358.70308484176,0.0,V4C
United Kingdom,,3,26695.308418426608,7.7299999999999995,V4C
United Kingdom,,4,26695.308418426608,7.7299999999999995,V4C
United Kingdom,,5,26695.308418426608,7.7299999999999995,V4C
United Kingdom,,6,26695.308418426608,7.7299999999999995,V4C
United Kingdom,,7,23471.70038943589,15.27,V4C
United Kingdom,,8,23471.70038943589,15.27,V4C
United Kingdom,,9,23471.70038943589,15.27,V4C
United States,,0,183673.1565484072,0.0,V4C
United States,,1,171098.72974083846,0.67,V4C
United States,,2,171098.72974083846,0.67,V4C
United States,,3,160254.24094550087,1.34,V4C
United States,,4,160254.24094550087,1.34,V4C
United States,,5,150802.37543790994,2.0100000000000002,V4C
United States,,6,150802.37543790994,2.0100000000000002,V4C
United States,,7,134458.07736481473,9.49,V4C
United States,,8,134458.07736481473,9.49,V4C
United States,,9,121487.22606637853,14.17,V4C
Uruguay,,0,1999.7838462564384,0.0,V4C
Uruguay,,1,1951.2406455012638,0.09,V4C
Uruguay,,2,1951.2406455012638,0.09,V4C
Uruguay,,3,1909.2738770110104,0.18,V4C
Uruguay,,4,1872.7587649854306,0.27,V4C
Uruguay,,5,1872.7587649854306,0.27,V4C
Uruguay,,6,1497.8720068124753,1.11,V4C
Uruguay,,7,1418.9129295852442,1.9700000000000002,V4C
Uruguay,,8,1418.9129295852442,1.9700000000000002,V4C
Uruguay,,9,1288.9414697414807,3.69,V4C
Uzbekistan,,0,237.68103674383505,0.0,V4C
Uzbekistan,,1,182.27993366419432,2.79,V4C
Uzbekistan,,2,182.27993366419432,2.79,V4C
Uzbekistan,,3,178.61501486471292,3.4,V4C
Uzbekistan,,4,178.61501486471292,3.4,V4C
Uzbekistan,,5,172.65134068944874,4.62,V4C
Uzbekistan,,6,172.65134068944874,4.62,V4C
Uzbekistan,,7,150.08154766766194,7.57,V4C
Uzbekistan,,8,150.08154766766194,7.57,V4C
Uzbekistan,,9,142.52952563043104,10.129999999999999,V4C
Vanuatu,,0,0.0,0.0,V4C
Vanuatu,,1,0.0,0.0,V4C
Vanuatu,,2,0.0,0.0,V4C
Vanuatu,,3,0.0,0.0,V4C
Vanuatu,,4,0.0,0.0,V4C
Vanuatu,,5,0.0,0.0,V4C
Vanuatu,,6,0.0,0.0,V4C
Vanuatu,,7,0.0,0.0,V4C
Vanuatu,,8,0.0,0.0,V4C
Vanuatu,,9,0.0,0.0,V4C
Venezuela,,0,2248.1778226375004,0.0,V4C
Venezuela,,1,2248.1778226375004,0.0,V4C
Venezuela,,2,2248.1778226375004,0.0,V4C
Venezuela,,3,1710.7968376336448,0.36000000000000004,V4C
Venezuela,,4,1710.7968376336448,0.36000000000000004,V4C
Venezuela,,5,1710.7968376336448,0.36000000000000004,V4C
Venezuela,,6,1710.7968376336448,0.36000000000000004,V4C
Venezuela,,7,1164.5111164777252,27.020000000000003,V4C
Venezuela,,8,1164.5111164777252,27.020000000000003,V4C
Venezuela,,9,1164.5111164777252,27.020000000000003,V4C
Vietnam,,0,4243.777662350046,0.0,V4C
Vietnam,,1,3794.085649870704,2.66,V4C
Vietnam,,2,3794.085649870704,2.66,V4C
Vietnam,,3,3020.9424702548545,6.5,V4C
Vietnam,,4,2763.1120200662385,7.92,V4C
Vietnam,,5,2763.1120200662385,7.92,V4C
Vietnam,,6,2722.4595369260323,8.74,V4C
Vietnam,,7,2426.082104636416,15.8,V4C
Vietnam,,8,2426.082104636416,15.8,V4C
Vietnam,,9,2349.2466796538347,17.65,V4C
Yemen,,0,2.343775805707562,0.0,V4C
Yemen,,1,2.343775805707562,0.0,V4C
Yemen,,2,2.343775805707562,0.0,V4C
Yemen,,3,2.343775805707562,0.0,V4C
Yemen,,4,2.343775805707562,0.0,V4C
Yemen,,5,2.343775805707562,0.0,V4C
Yemen,,6,2.343775805707562,0.0,V4C
Yemen,,7,2.343775805707562,0.0,V4C
Yemen,,8,2.343775805707562,0.0,V4C
Yemen,,9,2.343775805707562,0.0,V4C
Zambia,,0,6525.457148631196,0.0,V4C
Zambia,,1,6080.245316214264,0.8400000000000001,V4C
Zambia,,2,6080.245316214264,0.8400000000000001,V4C
Zambia,,3,4971.508214301949,3.3800000000000003,V4C
Zambia,,4,4971.508214301949,3.3800000000000003,V4C
Zambia,,5,4108.814173691283,10.010000000000002,V4C
Zambia,,6,4108.814173691283,10.010000000000002,V4C
Zambia,,7,3614.297022529235,17.4,V4C
Zambia,,8,3614.297022529235,17.4,V4C
Zambia,,9,3537.193044069985,22.199999999999996,V4C
Zimbabwe,,0,973.5568852877889,0.0,V4C
Zimbabwe,,1,973.5568852877889,0.0,V4C
Zimbabwe,,2,787.8009623812321,0.9299999999999999,V4C
Zimbabwe,,3,787.8009623812321,0.9299999999999999,V4C
Zimbabwe,,4,787.8009623812321,0.9299999999999999,V4C
Zimbabwe,,5,667.8236280144973,3.41,V4C
Zimbabwe,,6,667.8236280144973,3.41,V4C
Zimbabwe,,7,667.8236280144973,3.41,V4C
Zimbabwe,,8,565.6801023376881,7.849999999999999,V4C
Zimbabwe,,9,565.6801023376881,7.849999999999999,V4C
